序號1,序號2,會員號,環號,比賽日期,第一套鴿鐘時間,第二套鴿鐘時間,間隔時間
17730083,1,1129,0529406,2026-02-26,2026-02-26 06:33:19,,
17730084,2,1129,0529403,2026-02-26,2026-02-26 06:33:21,,
17730085,3,1129,0529410,2026-02-26,2026-02-26 06:33:36,,
17730120,1,0823,0520004,2026-02-26,2026-02-26 06:42:52,,
17730121,2,0823,0520003,2026-02-26,2026-02-26 06:42:56,,
17730123,1,0023,0525237,2026-02-26,2026-02-26 06:43:10,,
17730124,2,0023,0525236,2026-02-26,2026-02-26 06:43:13,,
17730125,3,0023,0525233,2026-02-26,2026-02-26 06:43:15,,
17730140,1,0238,0521305,2026-02-26,2026-02-26 06:44:46,,
17730144,3,0823,0520025,2026-02-26,2026-02-26 06:45:21,,
17730149,2,0238,0523911,2026-02-26,2026-02-26 06:45:52,,
17730163,3,0238,0523912,2026-02-26,2026-02-26 06:48:07,,
17730165,1,0761,0525193,2026-02-26,2026-02-26 06:48:48,,
17730176,1,1519,0528987,2026-02-26,2026-02-26 06:51:38,,
17730177,2,1519,0528976,2026-02-26,2026-02-26 06:52:07,,
17730185,3,1519,0528970,2026-02-26,2026-02-26 06:55:37,,
17730207,1,0792,0523019,2026-02-26,2026-02-26 07:04:05,,
17730208,2,0792,0523016,2026-02-26,2026-02-26 07:04:09,,
17730209,3,0792,0523018,2026-02-26,2026-02-26 07:04:55,,
17730211,2,0275,0523122,2026-02-26,2026-02-26 07:10:16,,
17730217,1,0312,0520342,2026-02-26,2026-02-26 07:11:44,,
17730218,2,0312,0520337,2026-02-26,2026-02-26 07:11:46,,
17730219,3,0312,0520298,2026-02-26,2026-02-26 07:11:51,,
17730230,1,1010,0526319,2026-02-26,2026-02-26 07:16:09,,
17730231,2,1010,0526314,2026-02-26,2026-02-26 07:16:12,,
17730239,3,1010,0526317,2026-02-26,2026-02-26 07:17:15,,
17730252,1,0736,0521099,2026-02-26,2026-02-26 07:18:12,,
17730254,1,0916,0521954,2026-02-26,2026-02-26 07:19:28,,
17730255,2,0916,0526567,2026-02-26,2026-02-26 07:19:32,,
17730256,3,0916,0529139,2026-02-26,2026-02-26 07:19:32,,
17730257,1,1295,0529837,2026-02-26,2026-02-26 07:20:11,,
17730259,2,1295,0529821,2026-02-26,2026-02-26 07:20:14,,
17730260,1,1070,0525843,2026-02-26,2026-02-26 07:20:24,,
17730261,2,1070,0525845,2026-02-26,2026-02-26 07:20:26,,
17730276,1,0208,0521759,2026-02-26,2026-02-26 07:22:27,,
17730277,2,0208,0521762,2026-02-26,2026-02-26 07:22:32,,
17730278,3,0208,0521768,2026-02-26,2026-02-26 07:22:51,,
17730280,1,0828,0529922,2026-02-26,2026-02-26 07:23:07,,
17730282,1,0100,0521909,2026-02-26,2026-02-26 07:23:31,,
17730283,2,0100,0521906,2026-02-26,2026-02-26 07:23:32,,
17730284,3,0100,0521905,2026-02-26,2026-02-26 07:23:33,,
17730289,2,0736,0521081,2026-02-26,2026-02-26 07:23:46,,
17730291,3,1070,0525835,2026-02-26,2026-02-26 07:24:09,,
17730318,1,0847,0521140,2026-02-26,2026-02-26 07:27:53,,
17730323,3,1295,0529828,2026-02-26,2026-02-26 07:28:30,,
17730325,3,0736,0521074,2026-02-26,2026-02-26 07:28:37,,
17730327,1,1389,0522884,2026-02-26,2026-02-26 07:28:46,,
17730339,2,1389,0522863,2026-02-26,2026-02-26 07:30:23,,
17730340,2,0847,0521144,2026-02-26,2026-02-26 07:30:37,,
17730346,1,1980,0523620,2026-02-26,2026-02-26 07:30:46,,
17730348,3,0847,0521135,2026-02-26,2026-02-26 07:31:02,,
17730350,2,1980,0523627,2026-02-26,2026-02-26 07:31:30,,
17730354,3,1980,0523617,2026-02-26,2026-02-26 07:32:45,,
17730375,1,0419,0529875,2026-02-26,2026-02-26 07:35:32,,
17730376,3,1389,0522877,2026-02-26,2026-02-26 07:35:33,,
17730377,2,0419,0521969,2026-02-26,2026-02-26 07:35:33,,
17730381,1,1060,0520632,2026-02-26,2026-02-26 07:36:13,,
17730382,2,1060,0520650,2026-02-26,2026-02-26 07:36:14,,
17730383,3,1060,0520646,2026-02-26,2026-02-26 07:36:16,,
17730392,1,0279,0526255,2026-02-26,2026-02-26 07:37:11,,
17730398,2,0279,0526258,2026-02-26,2026-02-26 07:37:30,,
17730399,1,0898,0521862,2026-02-26,2026-02-26 07:37:53,,
17730401,2,0898,0521858,2026-02-26,2026-02-26 07:37:54,,
17730402,3,0898,0521863,2026-02-26,2026-02-26 07:37:55,,
17730403,3,0419,0525252,2026-02-26,2026-02-26 07:37:57,,
17730419,1,0117,0520561,2026-02-26,2026-02-26 07:38:49,,
17730420,1,0022,0522126,2026-02-26,2026-02-26 07:39:01,,
17730421,3,0279,0526252,2026-02-26,2026-02-26 07:39:06,,
17730422,1,0660,0525224,2026-02-26,2026-02-26 07:39:10,,
17730425,2,0660,0521383,2026-02-26,2026-02-26 07:39:12,,
17730426,3,0660,0527312,2026-02-26,2026-02-26 07:39:15,,
17730437,2,0117,0520552,2026-02-26,2026-02-26 07:39:46,,
17730438,2,0022,0521728,2026-02-26,2026-02-26 07:39:54,,
17730439,3,0022,0529811,2026-02-26,2026-02-26 07:39:56,,
17730441,1,0955,0525548,2026-02-26,2026-02-26 07:40:08,,
17730442,2,0955,0525682,2026-02-26,2026-02-26 07:40:08,,
17730443,3,0955,0526480,2026-02-26,2026-02-26 07:40:09,,
17730446,1,1288,0521812,2026-02-26,2026-02-26 07:40:18,,
17730447,2,1288,0521810,2026-02-26,2026-02-26 07:40:20,,
17730451,1,1135,0520912,2026-02-26,2026-02-26 07:40:34,,
17730452,2,1135,0520905,2026-02-26,2026-02-26 07:40:35,,
17730453,3,1135,0520908,2026-02-26,2026-02-26 07:40:35,,
17730455,1,0966,0527671,2026-02-26,2026-02-26 07:40:38,,
17730470,3,0117,0520554,2026-02-26,2026-02-26 07:41:16,,
17730510,1,0395,0523904,2026-02-26,2026-02-26 07:43:08,,
17730511,2,0395,0523906,2026-02-26,2026-02-26 07:43:08,,
17730512,3,0395,0522062,2026-02-26,2026-02-26 07:43:08,,
17730535,3,1288,0521824,2026-02-26,2026-02-26 07:43:23,,
17730565,1,1020,0520162,2026-02-26,2026-02-26 07:43:50,,
17730567,2,1020,0520156,2026-02-26,2026-02-26 07:43:57,,
17730585,2,0966,0527692,2026-02-26,2026-02-26 07:44:30,,
17730588,3,0966,0527687,2026-02-26,2026-02-26 07:44:33,,
17730615,1,0880,0528708,2026-02-26,2026-02-26 07:45:45,,
17730618,2,0880,0528741,2026-02-26,2026-02-26 07:45:58,,
17730619,3,0880,0528707,2026-02-26,2026-02-26 07:45:58,,
17730634,1,0831,0528294,2026-02-26,2026-02-26 07:46:32,,
17730635,2,0831,0528282,2026-02-26,2026-02-26 07:46:36,,
17730645,3,0831,0528291,2026-02-26,2026-02-26 07:47:07,,
17730646,1,0739,0526643,2026-02-26,2026-02-26 07:47:09,,
17730651,2,0739,0526648,2026-02-26,2026-02-26 07:47:34,,
17730659,3,1020,0520186,2026-02-26,2026-02-26 07:47:42,,
17730669,3,0739,0526647,2026-02-26,2026-02-26 07:47:53,,
17730686,1,1667,0526683,2026-02-26,2026-02-26 07:48:13,,
17730700,2,0833,0525706,2026-02-26,2026-02-26 07:48:59,,
17730701,3,0833,0525526,2026-02-26,2026-02-26 07:49:01,,
17730720,1,1905,0528931,2026-02-26,2026-02-26 07:49:22,,
17730721,1,0391,0528171,2026-02-26,2026-02-26 07:49:25,,
17730722,2,0391,0520407,2026-02-26,2026-02-26 07:49:25,,
17730723,3,0391,0520405,2026-02-26,2026-02-26 07:49:25,,
17730730,2,1905,0529854,2026-02-26,2026-02-26 07:49:31,,
17730733,2,1667,0526621,2026-02-26,2026-02-26 07:49:31,,
17730734,3,1667,0526633,2026-02-26,2026-02-26 07:49:32,,
17730739,3,1905,0529858,2026-02-26,2026-02-26 07:49:32,,
17730769,1,0488,0521795,2026-02-26,2026-02-26 07:50:31,,
17730770,2,0488,0527567,2026-02-26,2026-02-26 07:50:34,,
17730774,3,0488,0529487,2026-02-26,2026-02-26 07:51:06,,
17730807,1,0296,0528541,2026-02-26,2026-02-26 07:52:36,,
17730809,2,0296,0528538,2026-02-26,2026-02-26 07:52:37,,
17730810,3,0296,0528583,2026-02-26,2026-02-26 07:52:38,,
17730864,3,0275,0523127,2026-02-26,2026-02-26 07:54:57,,
17730880,1,0118,0526515,2026-02-26,2026-02-26 07:55:07,,
17730928,2,0118,0529693,2026-02-26,2026-02-26 07:56:47,,
17730929,3,0118,0529694,2026-02-26,2026-02-26 07:56:47,,
17730969,1,0816,0525054,2026-02-26,2026-02-26 07:58:05,,
17730976,1,1169,0529596,2026-02-26,2026-02-26 07:58:20,,
17730981,2,1169,0520058,2026-02-26,2026-02-26 07:58:46,,
17730982,3,1169,0522073,2026-02-26,2026-02-26 07:58:47,,
17731000,1,0078,0526492,2026-02-26,2026-02-26 08:00:09,,
17731001,2,0078,0526496,2026-02-26,2026-02-26 08:00:10,,
17731002,3,0078,0525649,2026-02-26,2026-02-26 08:00:10,,
17731017,1,1185,0529555,2026-02-26,2026-02-26 08:00:23,,
17731021,2,1185,0529552,2026-02-26,2026-02-26 08:00:24,,
17731022,3,1185,0529568,2026-02-26,2026-02-26 08:00:24,,
17731024,1,0599,0523548,2026-02-26,2026-02-26 08:00:23,,
17731025,1,0938,0522639,2026-02-26,2026-02-26 08:00:28,,
17731082,1,0895,0522759,2026-02-26,2026-02-26 08:02:46,,
17731083,2,0895,0522763,2026-02-26,2026-02-26 08:02:47,,
17731084,3,0895,0522535,2026-02-26,2026-02-26 08:02:47,,
17731106,1,0526,0527218,2026-02-26,2026-02-26 08:03:08,,
17731107,1,0688,0523158,2026-02-26,2026-02-26 08:03:12,,
17731111,2,0688,0523470,2026-02-26,2026-02-26 08:03:14,,
17731116,3,0688,0523499,2026-02-26,2026-02-26 08:03:20,,
17731118,1,0818,0523035,2026-02-26,2026-02-26 08:03:36,,
17731119,2,0818,0523036,2026-02-26,2026-02-26 08:03:37,,
17731120,3,0818,0529967,2026-02-26,2026-02-26 08:03:38,,
17731182,1,1129,0525228,2026-02-26,2026-02-26 08:05:33,,
17731183,1,0395,0525323,2026-02-26,2026-02-26 08:05:35,,
17731184,2,1129,0520026,2026-02-26,2026-02-26 08:05:42,,
17731190,2,0938,0522858,2026-02-26,2026-02-26 08:05:56,,
17731201,1,0019,0525390,2026-02-26,2026-02-26 08:06:36,,
17731202,1,1188,0522746,2026-02-26,2026-02-26 08:06:39,,
17731203,2,1188,0522744,2026-02-26,2026-02-26 08:06:39,,
17731204,2,0019,0525389,2026-02-26,2026-02-26 08:06:42,,
17731218,1,1167,0520836,2026-02-26,2026-02-26 08:07:29,,
17731219,2,1167,0520808,2026-02-26,2026-02-26 08:07:29,,
17731220,3,1167,0520840,2026-02-26,2026-02-26 08:07:34,,
17731242,3,0938,0522369,2026-02-26,2026-02-26 08:09:37,,
17731250,3,0019,0525378,2026-02-26,2026-02-26 08:10:00,,
17731252,3,1188,0522750,2026-02-26,2026-02-26 08:10:23,,
17731253,2,0526,0527209,2026-02-26,2026-02-26 08:10:43,,
17731255,2,0816,0525075,2026-02-26,2026-02-26 08:11:12,,
17731291,2,0828,0529917,2026-02-26,2026-02-26 08:13:20,,
17731292,3,0828,0529920,2026-02-26,2026-02-26 08:13:21,,
17731305,1,0611,0529391,2026-02-26,2026-02-26 08:13:34,,
17731310,2,0611,0529371,2026-02-26,2026-02-26 08:13:35,,
17731312,3,0611,0529394,2026-02-26,2026-02-26 08:13:36,,
17731351,2,0199,0526715,2026-02-26,2026-02-26 08:14:35,,
17731355,3,0199,0526704,2026-02-26,2026-02-26 08:14:46,,
17731362,3,0526,0527208,2026-02-26,2026-02-26 08:15:11,,
17731373,1,1066,0522949,2026-02-26,2026-02-26 08:16:12,,
17731375,2,1066,0522902,2026-02-26,2026-02-26 08:16:17,,
17731376,3,1066,0522908,2026-02-26,2026-02-26 08:16:22,,
17731378,1,0998,0528007,2026-02-26,2026-02-26 08:16:28,,
17731387,1,0878,0528960,2026-02-26,2026-02-26 08:17:18,,
17731388,2,0878,0525803,2026-02-26,2026-02-26 08:17:20,,
17731397,1,1998,0527088,2026-02-26,2026-02-26 08:18:07,,
17731399,1,1353,0521519,2026-02-26,2026-02-26 08:18:28,,
17731401,1,1456,0529126,2026-02-26,2026-02-26 08:18:34,,
17731402,2,1456,0529125,2026-02-26,2026-02-26 08:18:35,,
17731403,2,1353,0529236,2026-02-26,2026-02-26 08:18:38,,
17731404,3,1456,0529664,2026-02-26,2026-02-26 08:18:36,,
17731420,2,1998,0527095,2026-02-26,2026-02-26 08:18:53,,
17731454,2,0998,0528015,2026-02-26,2026-02-26 08:19:29,,
17731455,3,1998,0527090,2026-02-26,2026-02-26 08:19:32,,
17731459,1,0926,0529301,2026-02-26,2026-02-26 08:19:58,,
17731461,2,0926,0529311,2026-02-26,2026-02-26 08:20:00,,
17731462,3,0926,0522627,2026-02-26,2026-02-26 08:20:03,,
17731463,1,0737,0526019,2026-02-26,2026-02-26 08:20:00,,
17731464,2,0737,0526070,2026-02-26,2026-02-26 08:20:00,,
17731465,3,0737,0526082,2026-02-26,2026-02-26 08:20:00,,
17731466,3,0878,0528962,2026-02-26,2026-02-26 08:20:03,,
17731481,1,1352,0527556,2026-02-26,2026-02-26 08:20:17,,
17731482,2,1352,0521373,2026-02-26,2026-02-26 08:20:18,,
17731489,3,1353,0527405,2026-02-26,2026-02-26 08:20:25,,
17731501,1,1919,0525431,2026-02-26,2026-02-26 08:20:34,,
17731502,1,1197,0528479,2026-02-26,2026-02-26 08:20:36,,
17731503,2,1197,0528492,2026-02-26,2026-02-26 08:20:36,,
17731508,3,1197,0528486,2026-02-26,2026-02-26 08:20:37,,
17731529,2,0599,0523549,2026-02-26,2026-02-26 08:20:54,,
17731530,3,0599,0523543,2026-02-26,2026-02-26 08:20:57,,
17731543,2,1919,0525432,2026-02-26,2026-02-26 08:21:09,,
17731544,3,1919,0525426,2026-02-26,2026-02-26 08:21:09,,
17731548,1,1090,0526134,2026-02-26,2026-02-26 08:21:16,,
17731549,2,0395,0525331,2026-02-26,2026-02-26 08:21:16,,
17731550,3,0395,0523907,2026-02-26,2026-02-26 08:21:17,,
17731553,2,1090,0526396,2026-02-26,2026-02-26 08:21:16,,
17731554,3,1090,0526106,2026-02-26,2026-02-26 08:21:18,,
17731555,1,0462,0528402,2026-02-26,2026-02-26 08:21:22,,
17731556,3,0998,0528009,2026-02-26,2026-02-26 08:21:26,,
17731559,2,0462,0528435,2026-02-26,2026-02-26 08:21:36,,
17731560,3,0462,0528428,2026-02-26,2026-02-26 08:21:37,,
17731565,1,1958,0522716,2026-02-26,2026-02-26 08:21:43,,
17731566,2,1958,0522721,2026-02-26,2026-02-26 08:21:43,,
17731567,3,1958,0522712,2026-02-26,2026-02-26 08:21:46,,
17731568,1,0521,0523233,2026-02-26,2026-02-26 08:21:43,,
17731569,1,0330,0522500,2026-02-26,2026-02-26 08:21:44,,
17731570,2,0330,0522491,2026-02-26,2026-02-26 08:21:44,,
17731574,2,0521,0523216,2026-02-26,2026-02-26 08:21:55,,
17731575,1,1399,0528604,2026-02-26,2026-02-26 08:22:04,,
17731576,2,1399,0528612,2026-02-26,2026-02-26 08:22:05,,
17731586,3,1399,0528611,2026-02-26,2026-02-26 08:22:14,,
17731597,1,1252,0523686,2026-02-26,2026-02-26 08:22:23,,
17731599,2,1252,0523667,2026-02-26,2026-02-26 08:22:28,,
17731600,3,1252,0523823,2026-02-26,2026-02-26 08:22:33,,
17731606,3,0521,0523217,2026-02-26,2026-02-26 08:22:56,,
17731617,1,1062,0522314,2026-02-26,2026-02-26 08:23:13,,
17731618,1,0185,0523165,2026-02-26,2026-02-26 08:23:15,,
17731628,3,0816,0525058,2026-02-26,2026-02-26 08:23:31,,
17731629,2,0185,0523175,2026-02-26,2026-02-26 08:23:37,,
17731630,3,1352,0529426,2026-02-26,2026-02-26 08:23:35,,
17731637,2,1062,0522549,2026-02-26,2026-02-26 08:23:49,,
17731640,1,0676,0527285,2026-02-26,2026-02-26 08:23:49,,
17731641,2,0676,0527337,2026-02-26,2026-02-26 08:23:50,,
17731642,3,0676,0527273,2026-02-26,2026-02-26 08:23:51,,
17731650,3,0185,0523177,2026-02-26,2026-02-26 08:24:09,,
17731657,1,1449,0523505,2026-02-26,2026-02-26 08:24:54,,
17731665,1,0673,0520510,2026-02-26,2026-02-26 08:24:58,,
17731666,2,0673,0520516,2026-02-26,2026-02-26 08:25:02,,
17731692,2,1449,0523501,2026-02-26,2026-02-26 08:26:14,,
17731714,1,1183,0523385,2026-02-26,2026-02-26 08:26:50,,
17731716,3,1449,0523508,2026-02-26,2026-02-26 08:27:09,,
17731720,1,0593,0525757,2026-02-26,2026-02-26 08:27:22,,
17731723,2,0593,0525788,2026-02-26,2026-02-26 08:27:26,,
17731729,3,0593,0525766,2026-02-26,2026-02-26 08:27:27,,
17731738,1,1963,0520234,2026-02-26,2026-02-26 08:25:47,,
17731739,2,1963,0520210,2026-02-26,2026-02-26 08:25:49,,
17731741,3,1963,0520230,2026-02-26,2026-02-26 08:26:47,,
17731750,1,0098,0520269,2026-02-26,2026-02-26 08:27:51,,
17731751,2,0098,0520284,2026-02-26,2026-02-26 08:27:52,,
17731752,3,0098,0520271,2026-02-26,2026-02-26 08:27:53,,
17731767,1,1631,0525341,2026-02-26,2026-02-26 08:28:54,,
17731774,3,1062,0522322,2026-02-26,2026-02-26 08:29:04,,
17731779,1,0396,0520943,2026-02-26,2026-02-26 08:29:14,,
17731781,1,0538,0522592,2026-02-26,2026-02-26 08:28:33,,
17731784,2,0396,0520933,2026-02-26,2026-02-26 08:29:17,,
17731790,1,0349,0522784,2026-02-26,2026-02-26 08:29:45,,
17731804,2,0538,0522573,2026-02-26,2026-02-26 08:30:02,,
17731809,3,0330,0522495,2026-02-26,2026-02-26 08:30:01,,
17731810,3,0538,0522578,2026-02-26,2026-02-26 08:30:03,,
17731821,3,0673,0520520,2026-02-26,2026-02-26 08:30:17,,
17731840,2,1183,0523380,2026-02-26,2026-02-26 08:30:56,,
17731842,3,1183,0523377,2026-02-26,2026-02-26 08:30:59,,
17731843,2,0349,0522786,2026-02-26,2026-02-26 08:30:59,,
17731844,3,0396,0520934,2026-02-26,2026-02-26 08:31:00,,
17731877,2,1631,0525343,2026-02-26,2026-02-26 08:31:50,,
17731879,3,1631,0525339,2026-02-26,2026-02-26 08:31:54,,
17731888,1,1378,0525998,2026-02-26,2026-02-26 08:31:58,,
17731891,2,1378,0525984,2026-02-26,2026-02-26 08:32:04,,
17731892,3,0349,0522796,2026-02-26,2026-02-26 08:32:03,,
17731898,1,1177,0521297,2026-02-26,2026-02-26 08:32:12,,
17731899,2,1177,0521275,2026-02-26,2026-02-26 08:32:12,,
17731900,3,1378,0525988,2026-02-26,2026-02-26 08:32:10,,
17731914,1,1010,0526373,2026-02-26,2026-02-26 08:32:51,,
17731915,2,1010,0526350,2026-02-26,2026-02-26 08:32:52,,
17731916,3,1010,0526318,2026-02-26,2026-02-26 08:32:55,,
17731940,1,0830,0521403,2026-02-26,2026-02-26 08:34:02,,
17731947,2,0830,0521433,2026-02-26,2026-02-26 08:34:12,,
17731948,3,0830,0521424,2026-02-26,2026-02-26 08:34:12,,
17731953,1,1186,0522503,2026-02-26,2026-02-26 08:34:20,,
17731963,2,1186,0522508,2026-02-26,2026-02-26 08:34:37,,
17732049,3,1177,0521284,2026-02-26,2026-02-26 08:37:42,,
17732091,1,0167,0522453,2026-02-26,2026-02-26 08:38:42,,
17732099,2,0167,0522457,2026-02-26,2026-02-26 08:38:50,,
17732104,1,1257,0523448,2026-02-26,2026-02-26 08:39:01,,
17732105,2,1257,0523294,2026-02-26,2026-02-26 08:39:04,,
17732106,3,1257,0523440,2026-02-26,2026-02-26 08:39:09,,
17732153,1,0391,0528173,2026-02-26,2026-02-26 08:41:17,,
17732160,2,0391,0528331,2026-02-26,2026-02-26 08:41:28,,
17732167,3,0391,0520403,2026-02-26,2026-02-26 08:41:42,,
17732182,3,1186,0522501,2026-02-26,2026-02-26 08:42:08,,
17732195,1,0070,0521593,2026-02-26,2026-02-26 08:42:19,,
17732196,2,0070,0521598,2026-02-26,2026-02-26 08:42:19,,
17732200,3,0070,0521597,2026-02-26,2026-02-26 08:42:20,,
17732214,1,0276,0525905,2026-02-26,2026-02-26 08:42:47,,
17732235,2,0276,0525915,2026-02-26,2026-02-26 08:43:08,,
17732251,3,0276,0525902,2026-02-26,2026-02-26 08:43:30,,
17732276,1,0258,0529074,2026-02-26,2026-02-26 08:44:26,,
17732277,2,0258,0529063,2026-02-26,2026-02-26 08:44:27,,
17732279,3,0258,0529028,2026-02-26,2026-02-26 08:44:27,,
17732311,1,0745,0521623,2026-02-26,2026-02-26 08:44:54,,
17732312,2,0519,0523775,2026-02-26,2026-02-26 08:44:51,,
17732361,1,0296,0522097,2026-02-26,2026-02-26 08:45:29,,
17732369,1,0658,0521563,2026-02-26,2026-02-26 08:46:00,,
17732370,2,0658,0521576,2026-02-26,2026-02-26 08:46:00,,
17732371,3,0167,0522465,2026-02-26,2026-02-26 08:46:01,,
17732373,3,0658,0521559,2026-02-26,2026-02-26 08:46:03,,
17732431,1,0579,0528924,2026-02-26,2026-02-26 08:47:43,,
17732436,2,0579,0529900,2026-02-26,2026-02-26 08:47:47,,
17732438,3,0579,0528922,2026-02-26,2026-02-26 08:47:48,,
17732471,1,1997,0529727,2026-02-26,2026-02-26 08:49:21,,
17732472,2,1997,0529726,2026-02-26,2026-02-26 08:49:22,,
17732486,1,1580,0521223,2026-02-26,2026-02-26 08:49:48,,
17732488,2,1580,0521228,2026-02-26,2026-02-26 08:49:49,,
17732489,3,1580,0521212,2026-02-26,2026-02-26 08:49:50,,
17732507,2,0745,0521618,2026-02-26,2026-02-26 08:50:16,,
17732527,1,0831,0528284,2026-02-26,2026-02-26 08:51:19,,
17732528,3,0745,0521604,2026-02-26,2026-02-26 08:51:18,,
17732530,2,0831,0528291,2026-02-26,2026-02-26 08:51:21,,
17732531,3,0831,0528264,2026-02-26,2026-02-26 08:51:21,,
17732554,1,1158,0525926,2026-02-26,2026-02-26 08:51:54,,
17732567,2,1158,0529102,2026-02-26,2026-02-26 08:52:11,,
17732568,3,1158,0525418,2026-02-26,2026-02-26 08:52:11,,
17732587,1,1561,0528116,2026-02-26,2026-02-26 08:52:20,,
17732588,2,1561,0528113,2026-02-26,2026-02-26 08:52:21,,
17732589,3,1561,0528112,2026-02-26,2026-02-26 08:52:22,,
17732601,1,0277,0525668,2026-02-26,2026-02-26 08:53:08,,
17732607,1,0558,0527653,2026-02-26,2026-02-26 08:53:16,,
17732608,2,0558,0527789,2026-02-26,2026-02-26 08:53:16,,
17732613,1,0733,0525267,2026-02-26,2026-02-26 08:53:04,,
17732672,1,1788,0522217,2026-02-26,2026-02-26 08:55:15,,
17732680,1,1980,0523617,2026-02-26,2026-02-26 08:55:27,,
17732683,2,1980,0523620,2026-02-26,2026-02-26 08:55:36,,
17732684,3,1980,0523632,2026-02-26,2026-02-26 08:55:38,,
17732702,3,0558,0527788,2026-02-26,2026-02-26 08:56:10,,
17732712,1,0589,0529988,2026-02-26,2026-02-26 08:56:23,,
17732726,2,0833,0525522,2026-02-26,2026-02-26 08:56:43,,
17732730,3,0833,0525530,2026-02-26,2026-02-26 08:56:44,,
17732739,1,0689,0522101,2026-02-26,2026-02-26 08:57:03,,
17732741,1,1329,0529222,2026-02-26,2026-02-26 08:57:08,,
17732742,2,0689,0522111,2026-02-26,2026-02-26 08:57:08,,
17732745,2,1329,0529217,2026-02-26,2026-02-26 08:57:17,,
17732774,3,1997,0529708,2026-02-26,2026-02-26 08:57:42,,
17732776,1,0785,0525807,2026-02-26,2026-02-26 08:57:43,,
17732808,2,0589,0529985,2026-02-26,2026-02-26 08:58:35,,
17732814,1,0916,0526567,2026-02-26,2026-02-26 08:58:48,,
17732815,2,0916,0529134,2026-02-26,2026-02-26 08:58:50,,
17732837,1,1238,0526206,2026-02-26,2026-02-26 08:59:54,,
17732838,2,1238,0526222,2026-02-26,2026-02-26 08:59:55,,
17732839,3,1238,0526220,2026-02-26,2026-02-26 08:59:56,,
17732840,2,0733,0521388,2026-02-26,2026-02-26 08:59:55,,
17732842,3,0916,0525211,2026-02-26,2026-02-26 08:59:57,,
17732843,1,1905,0527572,2026-02-26,2026-02-26 08:59:59,,
17732847,2,1905,0527577,2026-02-26,2026-02-26 09:00:00,,
17732848,3,1905,0525293,2026-02-26,2026-02-26 09:00:02,,
17732884,3,0733,0521739,2026-02-26,2026-02-26 09:00:20,,
17732902,1,0917,0527022,2026-02-26,2026-02-26 09:00:30,,
17732939,1,1235,0528562,2026-02-26,2026-02-26 09:01:30,,
17732946,3,0589,0529992,2026-02-26,2026-02-26 09:01:36,,
17733026,1,0889,0523711,2026-02-26,2026-02-26 09:03:57,,
17733030,2,0889,0523715,2026-02-26,2026-02-26 09:04:05,,
17733048,1,0093,0523859,2026-02-26,2026-02-26 09:04:46,,
17733049,2,0093,0523851,2026-02-26,2026-02-26 09:04:49,,
17733051,2,0785,0525826,2026-02-26,2026-02-26 09:04:52,,
17733084,1,1187,0523281,2026-02-26,2026-02-26 09:05:40,,
17733089,2,1187,0523812,2026-02-26,2026-02-26 09:05:46,,
17733106,1,0822,0525519,2026-02-26,2026-02-26 09:06:07,,
17733116,2,0822,0521873,2026-02-26,2026-02-26 09:06:12,,
17733118,3,0822,0525501,2026-02-26,2026-02-26 09:06:19,,
17733126,2,1235,0528563,2026-02-26,2026-02-26 09:06:32,,
17733133,3,1129,0529404,2026-02-26,2026-02-26 09:06:44,,
17733136,1,0768,0520889,2026-02-26,2026-02-26 09:06:48,,
17733139,1,1210,0527111,2026-02-26,2026-02-26 09:06:57,,
17733141,2,1210,0527101,2026-02-26,2026-02-26 09:06:57,,
17733142,3,1210,0527121,2026-02-26,2026-02-26 09:06:59,,
17733146,1,0728,0528834,2026-02-26,2026-02-26 09:07:07,,
17733148,2,0728,0528890,2026-02-26,2026-02-26 09:07:08,,
17733150,3,0785,0525828,2026-02-26,2026-02-26 09:07:10,,
17733153,1,1331,0529263,2026-02-26,2026-02-26 09:07:18,,
17733155,2,0917,0527055,2026-02-26,2026-02-26 09:07:22,,
17733157,1,1160,0521840,2026-02-26,2026-02-26 09:07:26,,
17733158,2,1160,0521847,2026-02-26,2026-02-26 09:07:27,,
17733160,2,1788,0522227,2026-02-26,2026-02-26 09:07:28,,
17733161,3,1788,0522205,2026-02-26,2026-02-26 09:07:28,,
17733165,1,0207,0520191,2026-02-26,2026-02-26 09:07:32,,
17733166,2,0207,0525303,2026-02-26,2026-02-26 09:07:34,,
17733167,3,0207,0527471,2026-02-26,2026-02-26 09:07:34,,
17733170,1,0737,0526072,2026-02-26,2026-02-26 09:07:33,,
17733171,1,0818,0529785,2026-02-26,2026-02-26 09:07:36,,
17733172,1,1938,0522087,2026-02-26,2026-02-26 09:07:35,,
17733180,2,1331,0529259,2026-02-26,2026-02-26 09:07:41,,
17733193,1,0356,0522251,2026-02-26,2026-02-26 09:07:48,,
17733194,2,0356,0522289,2026-02-26,2026-02-26 09:07:49,,
17733197,1,0395,0522062,2026-02-26,2026-02-26 09:07:48,,
17733198,1,0238,0521304,2026-02-26,2026-02-26 09:07:50,,
17733199,2,0238,0521302,2026-02-26,2026-02-26 09:07:51,,
17733203,1,0121,0523322,2026-02-26,2026-02-26 09:07:51,,
17733204,2,0121,0523325,2026-02-26,2026-02-26 09:07:52,,
17733205,2,0395,0522064,2026-02-26,2026-02-26 09:07:49,,
17733206,3,0395,0522056,2026-02-26,2026-02-26 09:07:49,,
17733211,3,1235,0528578,2026-02-26,2026-02-26 09:07:52,,
17733227,1,0503,0522339,2026-02-26,2026-02-26 09:07:59,,
17733235,2,0503,0522337,2026-02-26,2026-02-26 09:08:03,,
17733250,3,0889,0523706,2026-02-26,2026-02-26 09:08:15,,
17733261,2,0768,0520895,2026-02-26,2026-02-26 09:08:33,,
17733262,3,1329,0529211,2026-02-26,2026-02-26 09:08:29,,
17733263,1,0023,0525239,2026-02-26,2026-02-26 09:08:37,,
17733264,2,0023,0525231,2026-02-26,2026-02-26 09:08:41,,
17733265,1,1151,0525498,2026-02-26,2026-02-26 09:08:41,,
17733266,2,1151,0527587,2026-02-26,2026-02-26 09:08:41,,
17733275,3,0728,0528807,2026-02-26,2026-02-26 09:08:52,,
17733281,1,0383,0520318,2026-02-26,2026-02-26 09:08:56,,
17733282,2,0383,0520314,2026-02-26,2026-02-26 09:09:01,,
17733283,3,0768,0520883,2026-02-26,2026-02-26 09:09:04,,
17733284,1,0462,0528443,2026-02-26,2026-02-26 09:09:04,,
17733285,1,0317,0522093,2026-02-26,2026-02-26 09:09:11,,
17733288,3,0917,0527015,2026-02-26,2026-02-26 09:09:10,,
17733289,1,1656,0521504,2026-02-26,2026-02-26 09:09:13,,
17733290,2,0462,0528417,2026-02-26,2026-02-26 09:09:11,,
17733292,2,1656,0520138,2026-02-26,2026-02-26 09:09:17,,
17733293,3,0462,0528421,2026-02-26,2026-02-26 09:09:16,,
17733294,2,0317,0520738,2026-02-26,2026-02-26 09:09:15,,
17733300,1,0373,0523415,2026-02-26,2026-02-26 09:09:24,,
17733306,1,1931,0526451,2026-02-26,2026-02-26 09:09:36,,
17733307,3,0121,0523305,2026-02-26,2026-02-26 09:09:35,,
17733310,2,1931,0526468,2026-02-26,2026-02-26 09:09:39,,
17733313,1,0339,0521745,2026-02-26,2026-02-26 09:09:38,,
17733314,2,0373,0523421,2026-02-26,2026-02-26 09:09:38,,
17733317,2,0339,0521746,2026-02-26,2026-02-26 09:09:46,,
17733319,3,1331,0529253,2026-02-26,2026-02-26 09:09:58,,
17733333,1,0683,0521334,2026-02-26,2026-02-26 09:10:26,,
17733334,1,1216,0525021,2026-02-26,2026-02-26 09:10:24,,
17733337,1,1121,0523054,2026-02-26,2026-02-26 09:10:29,,
17733340,2,1121,0523063,2026-02-26,2026-02-26 09:10:33,,
17733344,1,1898,0520765,2026-02-26,2026-02-26 09:10:38,,
17733349,2,0683,0521330,2026-02-26,2026-02-26 09:10:44,,
17733351,3,1187,0523802,2026-02-26,2026-02-26 09:10:45,,
17733355,1,1825,0521021,2026-02-26,2026-02-26 09:10:54,,
17733356,3,0238,0521308,2026-02-26,2026-02-26 09:10:54,,
17733358,2,1825,0521001,2026-02-26,2026-02-26 09:10:56,,
17733360,1,0132,0520382,2026-02-26,2026-02-26 09:10:58,,
17733364,2,0132,0520380,2026-02-26,2026-02-26 09:10:59,,
17733365,1,0017,0527244,2026-02-26,2026-02-26 09:11:03,,
17733367,1,1223,0526974,2026-02-26,2026-02-26 09:11:07,,
17733371,3,0503,0522344,2026-02-26,2026-02-26 09:11:23,,
17733376,3,0317,0520741,2026-02-26,2026-02-26 09:11:30,,
17733378,3,0093,0523863,2026-02-26,2026-02-26 09:11:32,,
17733381,1,0569,0520243,2026-02-26,2026-02-26 09:11:44,,
17733382,2,0569,0520253,2026-02-26,2026-02-26 09:11:47,,
17733383,3,0569,0520241,2026-02-26,2026-02-26 09:11:51,,
17733390,1,0185,0523167,2026-02-26,2026-02-26 09:09:54,,
17733394,2,0017,0527245,2026-02-26,2026-02-26 09:12:06,,
17733396,2,1898,0520784,2026-02-26,2026-02-26 09:12:06,,
17733397,3,1898,0520783,2026-02-26,2026-02-26 09:12:06,,
17733399,3,0017,0527236,2026-02-26,2026-02-26 09:12:10,,
17733402,2,1216,0525018,2026-02-26,2026-02-26 09:12:12,,
17733403,3,0383,0520317,2026-02-26,2026-02-26 09:12:30,,
17733408,3,0356,0522288,2026-02-26,2026-02-26 09:12:37,,
17733410,1,0653,0526341,2026-02-26,2026-02-26 09:12:47,,
17733411,3,1151,0527584,2026-02-26,2026-02-26 09:12:46,,
17733415,2,0653,0526336,2026-02-26,2026-02-26 09:12:51,,
17733424,3,0653,0526334,2026-02-26,2026-02-26 09:12:56,,
17733425,2,1223,0526986,2026-02-26,2026-02-26 09:12:58,,
17733435,1,1780,0527536,2026-02-26,2026-02-26 09:13:15,,
17733436,3,1223,0526976,2026-02-26,2026-02-26 09:13:21,,
17733438,3,1121,0527408,2026-02-26,2026-02-26 09:13:22,,
17733443,3,0023,0525236,2026-02-26,2026-02-26 09:13:24,,
17733447,3,0373,0523406,2026-02-26,2026-02-26 09:13:29,,
17733452,3,1216,0525024,2026-02-26,2026-02-26 09:13:37,,
17733455,1,1060,0520610,2026-02-26,2026-02-26 09:13:46,,
17733456,1,0931,0526782,2026-02-26,2026-02-26 09:13:48,,
17733457,2,1060,0520613,2026-02-26,2026-02-26 09:13:49,,
17733459,2,0931,0526791,2026-02-26,2026-02-26 09:13:51,,
17733460,3,1060,0520652,2026-02-26,2026-02-26 09:13:50,,
17733465,3,1825,0521007,2026-02-26,2026-02-26 09:13:58,,
17733466,1,1348,0521672,2026-02-26,2026-02-26 09:14:00,,
17733476,1,0520,0528600,2026-02-26,2026-02-26 09:14:26,,
17733479,2,1348,0521671,2026-02-26,2026-02-26 09:14:36,,
17733480,3,1160,0521849,2026-02-26,2026-02-26 09:14:41,,
17733489,1,0458,0522096,2026-02-26,2026-02-26 09:14:58,,
17733490,3,1931,0527386,2026-02-26,2026-02-26 09:15:06,,
17733496,2,0458,0526582,2026-02-26,2026-02-26 09:15:12,,
17733514,3,0458,0526584,2026-02-26,2026-02-26 09:15:39,,
17733518,3,0683,0521326,2026-02-26,2026-02-26 09:15:44,,
17733524,2,1938,0522085,2026-02-26,2026-02-26 09:15:53,,
17733531,3,0339,0529634,2026-02-26,2026-02-26 09:15:56,,
17733532,3,0689,0522112,2026-02-26,2026-02-26 09:16:01,,
17733540,1,1070,0525845,2026-02-26,2026-02-26 09:16:08,,
17733543,2,1780,0525208,2026-02-26,2026-02-26 09:16:07,,
17733547,2,1070,0525835,2026-02-26,2026-02-26 09:16:12,,
17733560,3,0931,0526783,2026-02-26,2026-02-26 09:16:28,,
17733565,2,0520,0528531,2026-02-26,2026-02-26 09:16:38,,
17733570,1,1658,0528693,2026-02-26,2026-02-26 09:16:51,,
17733572,2,1658,0528691,2026-02-26,2026-02-26 09:16:53,,
17733577,1,1295,0529821,2026-02-26,2026-02-26 09:17:04,,
17733578,3,1780,0527543,2026-02-26,2026-02-26 09:17:07,,
17733585,2,1295,0529837,2026-02-26,2026-02-26 09:17:21,,
17733586,3,1295,0529825,2026-02-26,2026-02-26 09:17:23,,
17733591,1,1999,0529741,2026-02-26,2026-02-26 09:17:25,,
17733592,2,1999,0529742,2026-02-26,2026-02-26 09:17:25,,
17733607,1,1456,0529126,2026-02-26,2026-02-26 09:17:39,,
17733608,2,1456,0529664,2026-02-26,2026-02-26 09:17:40,,
17733609,3,1456,0529663,2026-02-26,2026-02-26 09:17:41,,
17733616,1,1197,0528479,2026-02-26,2026-02-26 09:17:51,,
17733621,2,1197,0528470,2026-02-26,2026-02-26 09:17:52,,
17733622,3,1197,0528478,2026-02-26,2026-02-26 09:17:53,,
17733632,3,1656,0521511,2026-02-26,2026-02-26 09:18:04,,
17733652,1,0698,0528651,2026-02-26,2026-02-26 09:16:53,,
17733653,3,0520,0528510,2026-02-26,2026-02-26 09:18:27,,
17733654,2,0698,0528195,2026-02-26,2026-02-26 09:16:59,,
17733655,3,0698,0528649,2026-02-26,2026-02-26 09:17:36,,
17733666,1,0919,0525966,2026-02-26,2026-02-26 09:18:40,,
17733669,2,0919,0525963,2026-02-26,2026-02-26 09:18:48,,
17733670,3,0919,0525957,2026-02-26,2026-02-26 09:18:49,,
17733674,1,0660,0521735,2026-02-26,2026-02-26 09:18:54,,
17733675,2,0660,0521732,2026-02-26,2026-02-26 09:18:55,,
17733680,3,1938,0522088,2026-02-26,2026-02-26 09:18:55,,
17733694,3,0660,0521731,2026-02-26,2026-02-26 09:19:00,,
17733777,3,1658,0528686,2026-02-26,2026-02-26 09:20:50,,
17733811,1,0926,0529323,2026-02-26,2026-02-26 09:21:30,,
17733830,3,0519,0523786,2026-02-26,2026-02-26 09:21:53,,
17733866,3,1070,0525842,2026-02-26,2026-02-26 09:22:42,,
17733875,1,1972,0529478,2026-02-26,2026-02-26 09:22:51,,
17733954,1,0022,0529811,2026-02-26,2026-02-26 09:24:15,,
17733955,2,0022,0522123,2026-02-26,2026-02-26 09:24:17,,
17733959,3,0022,0529127,2026-02-26,2026-02-26 09:24:20,,
17733967,3,1348,0521674,2026-02-26,2026-02-26 09:24:30,,
17733987,3,1999,0528824,2026-02-26,2026-02-26 09:24:55,,
17733993,3,0132,0520377,2026-02-26,2026-02-26 09:24:59,,
17734001,1,0529,0522392,2026-02-26,2026-02-26 09:25:07,,
17734013,2,1972,0529481,2026-02-26,2026-02-26 09:25:19,,
17734041,2,0529,0522609,2026-02-26,2026-02-26 09:25:48,,
17734042,3,0529,0522606,2026-02-26,2026-02-26 09:25:51,,
17734070,1,0488,0521357,2026-02-26,2026-02-26 09:26:38,,
17734073,2,0488,0521926,2026-02-26,2026-02-26 09:26:39,,
17734106,3,0488,0521356,2026-02-26,2026-02-26 09:27:51,,
17734137,1,1018,0521268,2026-02-26,2026-02-26 09:28:55,,
17734138,1,1929,0526193,2026-02-26,2026-02-26 09:08:45,,
17734139,2,1929,0526192,2026-02-26,2026-02-26 09:08:47,,
17734140,3,1929,0526176,2026-02-26,2026-02-26 09:08:48,,
17734171,2,0818,0529968,2026-02-26,2026-02-26 09:29:40,,
17734185,2,1018,0521260,2026-02-26,2026-02-26 09:29:55,,
17734199,1,0124,0522005,2026-02-26,2026-02-26 09:30:12,,
17734201,2,0124,0522003,2026-02-26,2026-02-26 09:30:13,,
17734205,3,0124,0522028,2026-02-26,2026-02-26 09:30:19,,
17734237,1,0895,0522757,2026-02-26,2026-02-26 09:30:47,,
17734241,2,0895,0522759,2026-02-26,2026-02-26 09:30:49,,
17734252,3,1972,0529483,2026-02-26,2026-02-26 09:31:01,,
17734284,1,0035,0523960,2026-02-26,2026-02-26 09:31:36,,
17734285,2,0035,0523961,2026-02-26,2026-02-26 09:31:38,,
17734288,3,0818,0529967,2026-02-26,2026-02-26 09:31:41,,
17734307,3,0035,0523938,2026-02-26,2026-02-26 09:32:05,,
17734308,1,0688,0523470,2026-02-26,2026-02-26 09:32:05,,
17734325,2,0688,0523489,2026-02-26,2026-02-26 09:32:26,,
17734352,1,0515,0526925,2026-02-26,2026-02-26 09:32:43,,
17734353,2,0515,0526911,2026-02-26,2026-02-26 09:32:44,,
17734374,3,0895,0527494,2026-02-26,2026-02-26 09:33:17,,
17734422,3,0688,0523497,2026-02-26,2026-02-26 09:34:24,,
17734425,1,0880,0528708,2026-02-26,2026-02-26 09:34:27,,
17734426,2,0880,0528796,2026-02-26,2026-02-26 09:34:28,,
17734429,3,0880,0528767,2026-02-26,2026-02-26 09:34:29,,
17734507,3,1018,0521265,2026-02-26,2026-02-26 09:35:08,,
17734509,1,0312,0520349,2026-02-26,2026-02-26 09:35:13,,
17734511,1,0955,0525685,2026-02-26,2026-02-26 09:35:16,,
17734512,2,0955,0525540,2026-02-26,2026-02-26 09:35:17,,
17734513,2,0312,0520336,2026-02-26,2026-02-26 09:35:17,,
17734518,3,0955,0525543,2026-02-26,2026-02-26 09:35:18,,
17734520,3,0312,0520339,2026-02-26,2026-02-26 09:35:21,,
17734527,1,1353,0521523,2026-02-26,2026-02-26 09:35:28,,
17734528,2,1353,0527402,2026-02-26,2026-02-26 09:35:29,,
17734532,1,1169,0520058,2026-02-26,2026-02-26 09:35:34,,
17734533,1,0227,0528213,2026-02-26,2026-02-26 09:35:35,,
17734544,2,0227,0528205,2026-02-26,2026-02-26 09:35:56,,
17734558,3,1353,0529453,2026-02-26,2026-02-26 09:36:19,,
17734564,1,1667,0526635,2026-02-26,2026-02-26 09:36:27,,
17734568,2,1667,0526658,2026-02-26,2026-02-26 09:36:29,,
17734569,3,1667,0526619,2026-02-26,2026-02-26 09:36:30,,
17734570,2,1169,0529592,2026-02-26,2026-02-26 09:36:31,,
17734571,3,1169,0529586,2026-02-26,2026-02-26 09:36:31,,
17734650,3,0515,0526920,2026-02-26,2026-02-26 09:38:21,,
17734725,2,0737,0526030,2026-02-26,2026-02-26 09:40:01,,
17734732,3,0737,0526098,2026-02-26,2026-02-26 09:40:10,,
17734741,1,0287,0525725,2026-02-26,2026-02-26 09:40:18,,
17734742,2,0287,0525729,2026-02-26,2026-02-26 09:40:19,,
17734807,1,0119,0521043,2026-02-26,2026-02-26 09:41:42,,
17734808,2,0119,0521059,2026-02-26,2026-02-26 09:41:43,,
17734809,1,0739,0526700,2026-02-26,2026-02-26 09:41:43,,
17734813,2,0739,0526697,2026-02-26,2026-02-26 09:41:47,,
17734814,3,0119,0521057,2026-02-26,2026-02-26 09:41:48,,
17734839,1,1938,0522077,2026-02-26,2026-02-26 09:42:10,,
17734890,3,0739,0526640,2026-02-26,2026-02-26 09:43:25,,
17734903,2,0011,0527198,2026-02-26,2026-02-26 09:43:46,,
17734917,3,0227,0528207,2026-02-26,2026-02-26 09:43:58,,
17735037,2,0277,0525679,2026-02-26,2026-02-26 09:47:21,,
17735038,3,0277,0525661,2026-02-26,2026-02-26 09:47:23,,
17735099,1,0676,0527335,2026-02-26,2026-02-26 09:48:34,,
17735104,1,0858,0526818,2026-02-26,2026-02-26 09:48:38,,
17735106,2,0858,0526839,2026-02-26,2026-02-26 09:48:39,,
17735111,2,0676,0527337,2026-02-26,2026-02-26 09:48:45,,
17735112,3,0858,0526834,2026-02-26,2026-02-26 09:48:47,,
17735117,1,0593,0525763,2026-02-26,2026-02-26 09:49:05,,
17735118,2,0593,0525768,2026-02-26,2026-02-26 09:49:06,,
17735120,3,0593,0525794,2026-02-26,2026-02-26 09:49:08,,
17735122,3,0676,0527273,2026-02-26,2026-02-26 09:49:10,,
17735128,1,0828,0529917,2026-02-26,2026-02-26 09:49:17,,
17735129,2,0828,0529920,2026-02-26,2026-02-26 09:49:19,,
17735133,3,0828,0529925,2026-02-26,2026-02-26 09:49:29,,
17735158,1,0673,0520503,2026-02-26,2026-02-26 09:50:31,,
17735167,2,0673,0520517,2026-02-26,2026-02-26 09:50:40,,
17735175,1,0628,0523591,2026-02-26,2026-02-26 09:50:53,,
17735190,2,0628,0523592,2026-02-26,2026-02-26 09:51:26,,
17735223,3,0673,0520508,2026-02-26,2026-02-26 09:52:19,,
17735242,1,1167,0520804,2026-02-26,2026-02-26 09:52:45,,
17735243,2,1167,0520835,2026-02-26,2026-02-26 09:52:45,,
17735244,3,1167,0520808,2026-02-26,2026-02-26 09:52:46,,
17735258,3,0628,0523595,2026-02-26,2026-02-26 09:52:58,,
17735290,2,0275,0523102,2026-02-26,2026-02-26 09:54:04,,
17735296,3,0287,0525688,2026-02-26,2026-02-26 09:54:22,,
17735357,1,0658,0521553,2026-02-26,2026-02-26 09:56:48,,
17735365,2,0658,0521566,2026-02-26,2026-02-26 09:57:07,,
17735400,1,0258,0529035,2026-02-26,2026-02-26 09:58:30,,
17735401,2,0258,0529065,2026-02-26,2026-02-26 09:58:30,,
17735410,3,0258,0529071,2026-02-26,2026-02-26 09:59:15,,
17735425,3,0275,0523122,2026-02-26,2026-02-26 09:59:46,,
17735455,3,0658,0521573,2026-02-26,2026-02-26 10:01:00,,
17735530,1,0390,0521715,2026-02-26,2026-02-26 10:05:22,,
17735542,1,1252,0523685,2026-02-26,2026-02-26 10:06:51,,
17735543,2,1252,0523657,2026-02-26,2026-02-26 10:06:53,,
17735555,2,0390,0521716,2026-02-26,2026-02-26 10:07:12,,
17735557,3,1252,0523644,2026-02-26,2026-02-26 10:07:34,,
17735561,1,1183,0523386,2026-02-26,2026-02-26 10:07:56,,
17735562,2,1183,0523384,2026-02-26,2026-02-26 10:07:56,,
17735563,3,1183,0523385,2026-02-26,2026-02-26 10:08:09,,
17735616,1,0330,0522489,2026-02-26,2026-02-26 10:11:12,,
17735617,2,0330,0522499,2026-02-26,2026-02-26 10:11:41,,
17735620,1,1370,0520678,2026-02-26,2026-02-26 10:12:10,,
17735621,2,1370,0520677,2026-02-26,2026-02-26 10:12:14,,
17735622,3,1370,0526126,2026-02-26,2026-02-26 10:12:29,,
17735630,1,0926,0529314,2026-02-26,2026-02-26 10:13:09,,
17735631,2,0926,0522517,2026-02-26,2026-02-26 10:13:09,,
17735632,3,0926,0529305,2026-02-26,2026-02-26 10:13:10,,
17735636,3,0330,0522494,2026-02-26,2026-02-26 10:13:15,,
17735670,1,1228,0523264,2026-02-26,2026-02-26 10:15:04,,
17735671,2,1228,0523261,2026-02-26,2026-02-26 10:15:08,,
17735672,3,1228,0523252,2026-02-26,2026-02-26 10:15:11,,
17735681,1,0528,0521993,2026-02-26,2026-02-26 10:16:12,,
17735683,2,0528,0526415,2026-02-26,2026-02-26 10:16:17,,
17735688,3,0528,0526420,2026-02-26,2026-02-26 10:16:47,,
17735710,1,0074,0525750,2026-02-26,2026-02-26 10:19:06,,
17735711,2,0074,0525746,2026-02-26,2026-02-26 10:19:17,,
17735717,1,0185,0523172,2026-02-26,2026-02-26 10:19:40,,
17735723,2,0185,0523175,2026-02-26,2026-02-26 10:19:51,,
17735745,3,0185,0523176,2026-02-26,2026-02-26 10:21:16,,
17735757,3,0011,0527161,2026-02-26,2026-02-26 10:21:58,,
17735779,3,0074,0525752,2026-02-26,2026-02-26 10:24:01,,
17735803,1,1186,0526725,2026-02-26,2026-02-26 10:26:06,,
17735804,2,1186,0526717,2026-02-26,2026-02-26 10:26:07,,
17735820,1,1177,0521287,2026-02-26,2026-02-26 10:27:37,,
17735821,2,1177,0521275,2026-02-26,2026-02-26 10:27:41,,
17735833,3,1177,0521297,2026-02-26,2026-02-26 10:28:40,,
17735854,3,1186,0526718,2026-02-26,2026-02-26 10:31:08,,
17735882,1,1185,0529557,2026-02-26,2026-02-26 10:35:48,,
17735883,2,1185,0529556,2026-02-26,2026-02-26 10:35:53,,
17735910,1,0503,0522343,2026-02-26,2026-02-26 10:38:12,,
17735911,2,0503,0522345,2026-02-26,2026-02-26 10:38:14,,
17735917,3,1185,0529559,2026-02-26,2026-02-26 10:39:05,,
17735922,3,0503,0522337,2026-02-26,2026-02-26 10:40:03,,
17735935,1,0070,0521595,2026-02-26,2026-02-26 10:41:23,,
17735937,2,0070,0521599,2026-02-26,2026-02-26 10:41:23,,
17735938,3,0070,0521597,2026-02-26,2026-02-26 10:41:23,,
17735966,1,0177,0525272,2026-02-26,2026-02-26 10:44:26,,
17735967,2,0177,0525274,2026-02-26,2026-02-26 10:44:27,,
17735968,3,0177,0525268,2026-02-26,2026-02-26 10:44:31,,
17735992,1,1331,0529251,2026-02-26,2026-02-26 10:47:02,,
17735993,2,1331,0529300,2026-02-26,2026-02-26 10:47:02,,
17735994,3,1331,0529270,2026-02-26,2026-02-26 10:47:04,,
