Id,Name,Score
17721160,1,1129,0529418,0529418,2026-02-25,2026-02-25 06:34:44,
17721161,2,1129,0529420,0529420,2026-02-25,2026-02-25 06:34:44,
17721162,3,1129,0529419,0529419,2026-02-25,2026-02-25 06:34:47,
17721166,1,0023,0525236,0525236,2026-02-25,2026-02-25 06:35:15,
17721173,2,0023,0525232,0525232,2026-02-25,2026-02-25 06:40:10,
17721174,3,0023,0525237,0525237,2026-02-25,2026-02-25 06:40:59,
17721181,1,0238,0521304,0521304,2026-02-25,2026-02-25 06:42:23,
17721182,1,1519,0528982,0528982,2026-02-25,2026-02-25 06:44:14,
17721183,2,1519,0528976,0528976,2026-02-25,2026-02-25 06:44:21,
17721184,2,0238,0523916,0523916,2026-02-25,2026-02-25 06:44:30,
17721185,3,1519,0528984,0528984,2026-02-25,2026-02-25 06:44:51,
17721187,3,0238,0523912,0523912,2026-02-25,2026-02-25 06:45:24,
17721201,1,0739,0526647,0526647,2026-02-25,2026-02-25 06:49:03,
17721202,2,0739,0526690,0526690,2026-02-25,2026-02-25 06:49:13,
17721203,3,0739,0526648,0526648,2026-02-25,2026-02-25 06:49:14,
17721210,1,1667,0526608,0526608,2026-02-25,2026-02-25 06:50:04,
17721211,2,1667,0526683,0526683,2026-02-25,2026-02-25 06:50:09,
17721214,3,1667,0526677,0526677,2026-02-25,2026-02-25 06:50:44,
17721223,1,0558,0527656,0527656,2026-02-25,2026-02-25 06:51:57,
17721224,2,0558,0527791,0527791,2026-02-25,2026-02-25 06:52:00,
17721233,3,0558,0527788,0527788,2026-02-25,2026-02-25 06:54:14,
17721244,1,1070,0525843,0525843,2026-02-25,2026-02-25 06:56:19,
17721245,2,1070,0525835,0525835,2026-02-25,2026-02-25 06:56:20,
17721246,3,1070,0525845,0525845,2026-02-25,2026-02-25 06:56:20,
17721274,1,1169,0520058,0520058,2026-02-25,2026-02-25 07:02:38,
17721275,2,1169,0529599,0529599,2026-02-25,2026-02-25 07:02:42,
17721279,3,1169,0529413,0529413,2026-02-25,2026-02-25 07:03:03,
17721310,1,0761,0525193,0525193,2026-02-25,2026-02-25 07:07:51,
17721321,1,0792,0523023,0523023,2026-02-25,2026-02-25 07:12:19,
17721322,2,0792,0523018,0523018,2026-02-25,2026-02-25 07:12:20,
17721324,3,0792,0523006,0523006,2026-02-25,2026-02-25 07:12:48,
17721326,1,0208,0521761,0521761,2026-02-25,2026-02-25 07:13:12,
17721327,2,0208,0521760,0521760,2026-02-25,2026-02-25 07:13:15,
17721328,3,0208,0521762,0521762,2026-02-25,2026-02-25 07:13:19,
17721333,1,1010,0526319,0526319,2026-02-25,2026-02-25 07:14:04,
17721334,2,1010,0526383,0526383,2026-02-25,2026-02-25 07:14:05,
17721335,3,1010,0526388,0526388,2026-02-25,2026-02-25 07:14:07,
17721336,1,1389,0522881,0522881,2026-02-25,2026-02-25 07:14:21,
17721340,1,0736,0521099,0521099,2026-02-25,2026-02-25 07:17:12,
17721341,2,0736,0521081,0521081,2026-02-25,2026-02-25 07:17:14,
17721345,3,0736,0521098,0521098,2026-02-25,2026-02-25 07:17:19,
17721346,1,0287,0525730,0525730,2026-02-25,2026-02-25 07:17:21,
17721358,1,0823,0520023,0520023,2026-02-25,2026-02-25 07:18:02,
17721359,2,0823,0520019,0520019,2026-02-25,2026-02-25 07:18:04,
17721370,1,0312,0520341,0520341,2026-02-25,2026-02-25 07:18:58,
17721372,2,0312,0520298,0520298,2026-02-25,2026-02-25 07:18:58,
17721373,3,0312,0520348,0520348,2026-02-25,2026-02-25 07:19:02,
17721388,1,1295,0529837,0529837,2026-02-25,2026-02-25 07:19:48,
17721389,2,1295,0529821,0529821,2026-02-25,2026-02-25 07:19:51,
17721396,3,0823,0520017,0520017,2026-02-25,2026-02-25 07:22:05,
17721400,2,1389,0522899,0522899,2026-02-25,2026-02-25 07:22:16,
17721402,3,1389,0522868,0522868,2026-02-25,2026-02-25 07:22:20,
17721404,1,0100,0521909,0521909,2026-02-25,2026-02-25 07:22:26,
17721406,2,0100,0521906,0521906,2026-02-25,2026-02-25 07:22:39,
17721425,1,0916,0521954,0521954,2026-02-25,2026-02-25 07:23:54,
17721426,2,0916,0529139,0529139,2026-02-25,2026-02-25 07:23:55,
17721427,3,0916,0526565,0526565,2026-02-25,2026-02-25 07:23:56,
17721428,1,0287,0525730,0525730,2026-02-25,2026-02-25 07:24:06,
17721432,3,1295,0529828,0529828,2026-02-25,2026-02-25 07:25:13,
17721436,2,0275,0523115,0523115,2026-02-25,2026-02-25 07:25:42,
17721443,3,0100,0521912,0521912,2026-02-25,2026-02-25 07:26:37,
17721477,1,1980,0523604,0523604,2026-02-25,2026-02-25 07:28:07,
17721478,2,1980,0523629,0523629,2026-02-25,2026-02-25 07:28:09,
17721479,1,1060,0520604,0520604,2026-02-25,2026-02-25 07:28:09,
17721480,2,1060,0520641,0520641,2026-02-25,2026-02-25 07:28:12,
17721484,3,1060,0520621,0520621,2026-02-25,2026-02-25 07:28:15,
17721502,3,1980,0523617,0523617,2026-02-25,2026-02-25 07:31:16,
17721517,1,0070,0521591,0521591,2026-02-25,2026-02-25 07:32:57,
17721518,2,0070,0521599,0521599,2026-02-25,2026-02-25 07:32:59,
17721519,3,0070,0521597,0521597,2026-02-25,2026-02-25 07:32:59,
17721521,1,0419,0525252,0525252,2026-02-25,2026-02-25 07:33:03,
17721522,2,0419,0521315,0521315,2026-02-25,2026-02-25 07:33:04,
17721534,3,0419,0521969,0521969,2026-02-25,2026-02-25 07:35:22,
17721541,2,0833,0525708,0525708,2026-02-25,2026-02-25 07:36:02,
17721542,3,0833,0525522,0525522,2026-02-25,2026-02-25 07:36:04,
17721568,1,0118,0526502,0526502,2026-02-25,2026-02-25 07:36:45,
17721571,2,0118,0526513,0526513,2026-02-25,2026-02-25 07:36:46,
17721572,2,0199,0526734,0526734,2026-02-25,2026-02-25 07:36:48,
17721574,3,0118,0529693,0529693,2026-02-25,2026-02-25 07:36:50,
17721580,1,0898,0521855,0521855,2026-02-25,2026-02-25 07:37:03,
17721581,2,0898,0521862,0521862,2026-02-25,2026-02-25 07:37:03,
17721582,3,0898,0521854,0521854,2026-02-25,2026-02-25 07:37:03,
17721585,1,1449,0523509,0523509,2026-02-25,2026-02-25 07:37:12,
17721586,2,1449,0523503,0523503,2026-02-25,2026-02-25 07:37:13,
17721593,1,0847,0521140,0521140,2026-02-25,2026-02-25 07:37:59,
17721595,1,0955,0526480,0526480,2026-02-25,2026-02-25 07:38:07,
17721596,2,0955,0525545,0525545,2026-02-25,2026-02-25 07:38:16,
17721597,1,0117,0520561,0520561,2026-02-25,2026-02-25 07:38:22,
17721598,2,0117,0520582,0520582,2026-02-25,2026-02-25 07:38:24,
17721599,1,0503,0522339,0522339,2026-02-25,2026-02-25 07:38:26,
17721600,3,1449,0523501,0523501,2026-02-25,2026-02-25 07:38:41,
17721601,2,0847,0521141,0521141,2026-02-25,2026-02-25 07:38:41,
17721603,1,1129,0529420,0529420,2026-02-25,2026-02-25 07:39:03,
17721613,3,0847,0521144,0521144,2026-02-25,2026-02-25 07:39:46,
17721616,3,0117,0520552,0520552,2026-02-25,2026-02-25 07:40:01,
17721618,1,0966,0527682,0527682,2026-02-25,2026-02-25 07:40:19,
17721655,3,0955,0525686,0525686,2026-02-25,2026-02-25 07:42:26,
17721681,2,0503,0522337,0522337,2026-02-25,2026-02-25 07:44:43,
17721685,3,0503,0522343,0522343,2026-02-25,2026-02-25 07:45:27,
17721689,3,0275,0523127,0523127,2026-02-25,2026-02-25 07:45:41,
17721700,1,0395,0525326,0525326,2026-02-25,2026-02-25 07:45:46,
17721701,2,0395,0525328,0525328,2026-02-25,2026-02-25 07:45:46,
17721702,3,0395,0523904,0523904,2026-02-25,2026-02-25 07:45:47,
17721762,1,0488,0521799,0521799,2026-02-25,2026-02-25 07:46:36,
17721763,2,0488,0521354,0521354,2026-02-25,2026-02-25 07:46:36,
17721771,1,1020,0520188,0520188,2026-02-25,2026-02-25 07:46:55,
17721776,1,0019,0525390,0525390,2026-02-25,2026-02-25 07:47:22,
17721777,2,0019,0525397,0525397,2026-02-25,2026-02-25 07:47:24,
17721778,3,0488,0521925,0521925,2026-02-25,2026-02-25 07:47:31,
17721794,2,0966,0527679,0527679,2026-02-25,2026-02-25 07:47:50,
17721795,3,0966,0527668,0527668,2026-02-25,2026-02-25 07:47:53,
17721805,1,1000,0525489,0525489,2026-02-25,2026-02-25 07:48:41,
17721806,2,1000,0529865,0529865,2026-02-25,2026-02-25 07:48:45,
17721830,1,1905,0527577,0527577,2026-02-25,2026-02-25 07:50:32,
17721831,2,1905,0529850,0529850,2026-02-25,2026-02-25 07:50:35,
17721832,3,1905,0529856,0529856,2026-02-25,2026-02-25 07:50:37,
17721840,1,1090,0526112,0526112,2026-02-25,2026-02-25 07:51:02,
17721847,2,1090,0526107,0526107,2026-02-25,2026-02-25 07:51:06,
17721851,3,1000,0525485,0525485,2026-02-25,2026-02-25 07:51:15,
17721856,3,1090,0526181,0526181,2026-02-25,2026-02-25 07:51:17,
17721863,1,0830,0521422,0521422,2026-02-25,2026-02-25 07:51:49,
17721864,2,0830,0521424,0521424,2026-02-25,2026-02-25 07:51:50,
17721874,1,1938,0522085,0522085,2026-02-25,2026-02-25 07:52:31,
17721875,1,1353,0529238,0529238,2026-02-25,2026-02-25 07:52:32,
17721876,2,1353,0529457,0529457,2026-02-25,2026-02-25 07:52:33,
17721877,3,0019,0525378,0525378,2026-02-25,2026-02-25 07:52:35,
17721879,3,1353,0529452,0529452,2026-02-25,2026-02-25 07:52:57,
17721896,2,1938,0522082,0522082,2026-02-25,2026-02-25 07:54:08,
17721912,3,1938,0522077,0522077,2026-02-25,2026-02-25 07:55:08,
17721926,1,0529,0522608,0522608,2026-02-25,2026-02-25 07:55:42,
17721927,2,0529,0522393,0522393,2026-02-25,2026-02-25 07:55:43,
17721935,1,0022,0522126,0522126,2026-02-25,2026-02-25 07:56:14,
17721936,2,0022,0529810,0529810,2026-02-25,2026-02-25 07:56:15,
17721939,3,0529,0522396,0522396,2026-02-25,2026-02-25 07:56:25,
17721940,3,0022,0522123,0522123,2026-02-25,2026-02-25 07:56:28,
17721946,1,0396,0520939,0520939,2026-02-25,2026-02-25 07:56:33,
17721947,2,0396,0520942,0520942,2026-02-25,2026-02-25 07:56:34,
17721948,3,0396,0520936,0520936,2026-02-25,2026-02-25 07:56:35,
17721953,1,0167,0522463,0522463,2026-02-25,2026-02-25 07:57:16,
17721968,2,0167,0522453,0522453,2026-02-25,2026-02-25 07:58:13,
17721979,2,1020,0520186,0520186,2026-02-25,2026-02-25 07:59:12,
17721994,3,1020,0520189,0520189,2026-02-25,2026-02-25 07:59:45,
17721995,1,0895,0527492,0527492,2026-02-25,2026-02-25 07:59:50,
17721996,2,0895,0522535,0522535,2026-02-25,2026-02-25 07:59:52,
17721997,3,0895,0522765,0522765,2026-02-25,2026-02-25 07:59:52,
17722024,1,1185,0529555,0529555,2026-02-25,2026-02-25 08:00:14,
17722025,2,1185,0529559,0529559,2026-02-25,2026-02-25 08:00:15,
17722030,3,1185,0529556,0529556,2026-02-25,2026-02-25 08:00:16,
17722065,1,0880,0528725,0528725,2026-02-25,2026-02-25 08:02:05,
17722066,2,0880,0528714,0528714,2026-02-25,2026-02-25 08:02:07,
17722067,3,0880,0528736,0528736,2026-02-25,2026-02-25 08:02:08,
17722095,1,0818,0523035,0523035,2026-02-25,2026-02-25 08:03:34,
17722096,2,0818,0525313,0525313,2026-02-25,2026-02-25 08:03:34,
17722097,3,0818,0529783,0529783,2026-02-25,2026-02-25 08:03:34,
17722119,1,0828,0529930,0529930,2026-02-25,2026-02-25 08:02:14,
17722120,2,0828,0529901,0529901,2026-02-25,2026-02-25 08:02:14,
17722121,3,0828,0529920,0529920,2026-02-25,2026-02-25 08:02:15,
17722183,1,0505,0527430,0527430,2026-02-25,2026-02-25 08:05:48,
17722184,2,0505,0527416,0527416,2026-02-25,2026-02-25 08:05:50,
17722191,3,0167,0522462,0522462,2026-02-25,2026-02-25 08:06:15,
17722229,1,0579,0528925,0528925,2026-02-25,2026-02-25 08:07:46,
17722230,2,0579,0528926,0528926,2026-02-25,2026-02-25 08:07:49,
17722232,3,0199,0526728,0526728,2026-02-25,2026-02-25 08:07:53,
17722246,3,0505,0527428,0527428,2026-02-25,2026-02-25 08:08:47,
17722249,3,0579,0528924,0528924,2026-02-25,2026-02-25 08:08:52,
17722349,1,0276,0525911,0525911,2026-02-25,2026-02-25 08:14:46,
17722369,1,1183,0523385,0523385,2026-02-25,2026-02-25 08:16:28,
17722378,1,1456,0529126,0529126,2026-02-25,2026-02-25 08:17:46,
17722379,2,1456,0529655,0529655,2026-02-25,2026-02-25 08:17:48,
17722380,3,1456,0529656,0529656,2026-02-25,2026-02-25 08:17:48,
17722424,1,0816,0525092,0525092,2026-02-25,2026-02-25 08:18:21,
17722456,2,0276,0525917,0525917,2026-02-25,2026-02-25 08:20:27,
17722463,2,1183,0523372,0523372,2026-02-25,2026-02-25 08:20:46,
17722466,1,0558,0527710,0527710,2026-02-25,2026-02-25 08:21:05,
17722476,2,0558,0527639,0527639,2026-02-25,2026-02-25 08:21:29,
17722480,3,0558,0527656,0527656,2026-02-25,2026-02-25 08:21:50,
17722481,3,1183,0523381,0523381,2026-02-25,2026-02-25 08:22:03,
17722503,2,0816,0525076,0525076,2026-02-25,2026-02-25 08:23:36,
17722518,3,0276,0525908,0525908,2026-02-25,2026-02-25 08:24:55,
17722550,1,1257,0523441,0523441,2026-02-25,2026-02-25 08:26:02,
17722553,2,1257,0523201,0523201,2026-02-25,2026-02-25 08:26:04,
17722554,3,1257,0523455,0523455,2026-02-25,2026-02-25 08:26:04,
17722555,1,0998,0528007,0528007,2026-02-25,2026-02-25 08:26:04,
17722568,1,1197,0528465,0528465,2026-02-25,2026-02-25 08:26:32,
17722569,2,1197,0528483,0528483,2026-02-25,2026-02-25 08:26:33,
17722570,3,1197,0528494,0528494,2026-02-25,2026-02-25 08:26:33,
17722600,3,0816,0525094,0525094,2026-02-25,2026-02-25 08:27:04,
17722606,1,1919,0525449,0525449,2026-02-25,2026-02-25 08:27:25,
17722612,1,0737,0526049,0526049,2026-02-25,2026-02-25 08:27:46,
17722613,2,0737,0526020,0526020,2026-02-25,2026-02-25 08:27:47,
17722615,3,0737,0526030,0526030,2026-02-25,2026-02-25 08:27:47,
17722663,1,1399,0528611,0528611,2026-02-25,2026-02-25 08:29:02,
17722664,2,1399,0528608,0528608,2026-02-25,2026-02-25 08:29:03,
17722667,3,1399,0528605,0528605,2026-02-25,2026-02-25 08:29:06,
17722684,1,1699,0522698,0522698,2026-02-25,2026-02-25 08:29:51,
17722689,1,1352,0529426,0529426,2026-02-25,2026-02-25 08:30:03,
17722693,2,1352,0527553,0527553,2026-02-25,2026-02-25 08:30:05,
17722695,2,1919,0525426,0525426,2026-02-25,2026-02-25 08:30:07,
17722711,2,1699,0522678,0522678,2026-02-25,2026-02-25 08:31:19,
17722721,1,0689,0522101,0522101,2026-02-25,2026-02-25 08:31:51,
17722722,1,0538,0522595,0522595,2026-02-25,2026-02-25 08:31:51,
17722723,2,0689,0522104,0522104,2026-02-25,2026-02-25 08:31:58,
17722724,2,0538,0522580,0522580,2026-02-25,2026-02-25 08:31:59,
17722725,3,0830,0521410,0521410,2026-02-25,2026-02-25 08:32:07,
17722727,1,1238,0526290,0526290,2026-02-25,2026-02-25 08:32:09,
17722728,1,0926,0522627,0522627,2026-02-25,2026-02-25 08:32:13,
17722729,1,1958,0525853,0525853,2026-02-25,2026-02-25 08:32:19,
17722730,1,1066,0522949,0522949,2026-02-25,2026-02-25 08:32:18,
17722731,1,0185,0523167,0523167,2026-02-25,2026-02-25 08:32:19,
17722735,2,1958,0525897,0525897,2026-02-25,2026-02-25 08:32:24,
17722738,3,1958,0525900,0525900,2026-02-25,2026-02-25 08:32:25,
17722745,2,0926,0529316,0529316,2026-02-25,2026-02-25 08:32:38,
17722751,1,0768,0520873,0520873,2026-02-25,2026-02-25 08:32:47,
17722752,1,0124,0522010,0522010,2026-02-25,2026-02-25 08:32:46,
17722753,2,0124,0522003,0522003,2026-02-25,2026-02-25 08:32:48,
17722756,2,0185,0523165,0523165,2026-02-25,2026-02-25 08:32:51,
17722759,1,0878,0528959,0528959,2026-02-25,2026-02-25 08:33:04,
17722762,2,0878,0528960,0528960,2026-02-25,2026-02-25 08:33:07,
17722763,1,1963,0520212,0520212,2026-02-25,2026-02-25 08:33:06,
17722764,3,0878,0528958,0528958,2026-02-25,2026-02-25 08:33:09,
17722765,2,1238,0526224,0526224,2026-02-25,2026-02-25 08:33:10,
17722766,3,1238,0526281,0526281,2026-02-25,2026-02-25 08:33:11,
17722767,3,0124,0522013,0522013,2026-02-25,2026-02-25 08:33:10,
17722770,2,1066,0522970,0522970,2026-02-25,2026-02-25 08:33:15,
17722772,1,0593,0525768,0525768,2026-02-25,2026-02-25 08:33:17,
17722773,2,0593,0525794,0525794,2026-02-25,2026-02-25 08:33:19,
17722774,3,0593,0525795,0525795,2026-02-25,2026-02-25 08:33:20,
17722779,3,0538,0522592,0522592,2026-02-25,2026-02-25 08:33:30,
17722780,2,0998,0528017,0528017,2026-02-25,2026-02-25 08:33:34,
17722789,3,1919,0525432,0525432,2026-02-25,2026-02-25 08:34:01,
17722795,1,0339,0529638,0529638,2026-02-25,2026-02-25 08:34:01,
17722796,2,0339,0521746,0521746,2026-02-25,2026-02-25 08:34:02,
17722801,1,1062,0522292,0522292,2026-02-25,2026-02-25 08:34:35,
17722803,2,1062,0522309,0522309,2026-02-25,2026-02-25 08:34:35,
17722804,3,1062,0522319,0522319,2026-02-25,2026-02-25 08:34:37,
17722806,1,0673,0520510,0520510,2026-02-25,2026-02-25 08:34:38,
17722807,2,0673,0520519,0520519,2026-02-25,2026-02-25 08:34:45,
17722808,2,1963,0520222,0520222,2026-02-25,2026-02-25 08:34:50,
17722813,3,0926,0522628,0522628,2026-02-25,2026-02-25 08:35:01,
17722818,2,0768,0520889,0520889,2026-02-25,2026-02-25 08:35:04,
17722821,1,1329,0529225,0529225,2026-02-25,2026-02-25 08:35:09,
17722823,2,1329,0529224,0529224,2026-02-25,2026-02-25 08:35:11,
17722824,1,1252,0523665,0523665,2026-02-25,2026-02-25 08:35:18,
17722825,1,0330,0522500,0522500,2026-02-25,2026-02-25 08:35:18,
17722831,1,0611,0529387,0529387,2026-02-25,2026-02-25 08:35:25,
17722832,2,0611,0529377,0529377,2026-02-25,2026-02-25 08:35:27,
17722835,3,0611,0529379,0529379,2026-02-25,2026-02-25 08:35:31,
17722838,3,0339,0529634,0529634,2026-02-25,2026-02-25 08:35:34,
17722843,2,1252,0523692,0523692,2026-02-25,2026-02-25 08:35:41,
17722844,3,1699,0522694,0522694,2026-02-25,2026-02-25 08:35:44,
17722845,3,0673,0520520,0520520,2026-02-25,2026-02-25 08:35:46,
17722849,3,0185,0523178,0523178,2026-02-25,2026-02-25 08:36:02,
17722851,3,1352,0521368,0521368,2026-02-25,2026-02-25 08:36:04,
17722852,1,0938,0522366,0522366,2026-02-25,2026-02-25 08:36:05,
17722853,2,0938,0527488,0527488,2026-02-25,2026-02-25 08:36:12,
17722856,3,1329,0529205,0529205,2026-02-25,2026-02-25 08:36:10,
17722871,3,1963,0520219,0520219,2026-02-25,2026-02-25 08:36:29,
17722882,3,1066,0522902,0522902,2026-02-25,2026-02-25 08:36:52,
17722886,1,0521,0528999,0528999,2026-02-25,2026-02-25 08:37:01,
17722888,3,0998,0528020,0528020,2026-02-25,2026-02-25 08:37:18,
17722889,2,0330,0522483,0522483,2026-02-25,2026-02-25 08:37:18,
17722908,3,1252,0523515,0523515,2026-02-25,2026-02-25 08:37:51,
17722916,1,0462,0528435,0528435,2026-02-25,2026-02-25 08:38:14,
17722917,2,0462,0528428,0528428,2026-02-25,2026-02-25 08:38:15,
17722918,3,0462,0528442,0528442,2026-02-25,2026-02-25 08:38:16,
17722928,3,0689,0522111,0522111,2026-02-25,2026-02-25 08:38:32,
17722938,1,0785,0525826,0525826,2026-02-25,2026-02-25 08:38:51,
17722939,2,0785,0525808,0525808,2026-02-25,2026-02-25 08:38:53,
17722952,1,1010,0526317,0526317,2026-02-25,2026-02-25 08:39:51,
17722954,2,1010,0526314,0526314,2026-02-25,2026-02-25 08:39:52,
17722955,3,1010,0526389,0526389,2026-02-25,2026-02-25 08:39:53,
17722969,3,0938,0522368,0522368,2026-02-25,2026-02-25 08:40:23,
17723009,3,0768,0520883,0520883,2026-02-25,2026-02-25 08:41:11,
17723011,1,0488,0521796,0521796,2026-02-25,2026-02-25 08:41:15,
17723013,2,0488,0529489,0529489,2026-02-25,2026-02-25 08:41:20,
17723018,3,0330,0522498,0522498,2026-02-25,2026-02-25 08:41:32,
17723033,2,0521,0523226,0523226,2026-02-25,2026-02-25 08:41:53,
17723034,3,0521,0523217,0523217,2026-02-25,2026-02-25 08:41:53,
17723041,1,0653,0526343,0526343,2026-02-25,2026-02-25 08:42:22,
17723059,3,0785,0525807,0525807,2026-02-25,2026-02-25 08:43:05,
17723066,1,0287,0525730,0525730,2026-02-25,2026-02-25 08:43:24,
17723069,1,0658,0521576,0521576,2026-02-25,2026-02-25 08:43:26,
17723070,2,0658,0521558,0521558,2026-02-25,2026-02-25 08:43:27,
17723073,3,0658,0521563,0521563,2026-02-25,2026-02-25 08:43:28,
17723116,2,0653,0526321,0526321,2026-02-25,2026-02-25 08:44:38,
17723117,1,1158,0525941,0525941,2026-02-25,2026-02-25 08:44:41,
17723118,2,1158,0529106,0529106,2026-02-25,2026-02-25 08:44:42,
17723147,3,0653,0526333,0526333,2026-02-25,2026-02-25 08:45:38,
17723156,1,0022,0522124,0522124,2026-02-25,2026-02-25 08:45:49,
17723166,1,0589,0525464,0525464,2026-02-25,2026-02-25 08:46:34,
17723167,2,0589,0525461,0525461,2026-02-25,2026-02-25 08:46:40,
17723169,3,1158,0525418,0525418,2026-02-25,2026-02-25 08:46:54,
17723181,1,0391,0520403,0520403,2026-02-25,2026-02-25 08:47:15,
17723182,2,0391,0528170,0528170,2026-02-25,2026-02-25 08:47:16,
17723185,3,0391,0528173,0528173,2026-02-25,2026-02-25 08:47:30,
17723284,1,0515,0526919,0526919,2026-02-25,2026-02-25 08:50:22,
17723285,2,0515,0526913,0526913,2026-02-25,2026-02-25 08:50:22,
17723288,3,0515,0526912,0526912,2026-02-25,2026-02-25 08:50:25,
17723298,2,0022,0529804,0529804,2026-02-25,2026-02-25 08:50:30,
17723329,1,0258,0529052,0529052,2026-02-25,2026-02-25 08:50:33,
17723330,2,0258,0529033,0529033,2026-02-25,2026-02-25 08:50:35,
17723332,3,0258,0529098,0529098,2026-02-25,2026-02-25 08:50:35,
17723407,1,0395,0522056,0522056,2026-02-25,2026-02-25 08:52:20,
17723408,2,0395,0525321,0525321,2026-02-25,2026-02-25 08:52:20,
17723409,3,0395,0522064,0522064,2026-02-25,2026-02-25 08:52:20,
17723423,1,0227,0528205,0528205,2026-02-25,2026-02-25 08:50:27,
17723425,2,0227,0528218,0528218,2026-02-25,2026-02-25 08:50:28,
17723426,3,0227,0528208,0528208,2026-02-25,2026-02-25 08:50:29,
17723478,1,1580,0521230,0521230,2026-02-25,2026-02-25 08:54:45,
17723479,2,1580,0521219,0521219,2026-02-25,2026-02-25 08:54:45,
17723480,3,1580,0521223,0521223,2026-02-25,2026-02-25 08:54:45,
17723487,1,1905,0528933,0528933,2026-02-25,2026-02-25 08:54:56,
17723488,2,1905,0529856,0529856,2026-02-25,2026-02-25 08:54:56,
17723489,1,1177,0521297,0521297,2026-02-25,2026-02-25 08:53:39,
17723490,2,1177,0521294,0521294,2026-02-25,2026-02-25 08:53:41,
17723495,3,1905,0525296,0525296,2026-02-25,2026-02-25 08:55:12,
17723499,3,0589,0525457,0525457,2026-02-25,2026-02-25 08:55:24,
17723500,2,1561,0528121,0528121,2026-02-25,2026-02-25 08:55:23,
17723508,1,0745,0521626,0521626,2026-02-25,2026-02-25 08:55:50,
17723529,1,1631,0525340,0525340,2026-02-25,2026-02-25 08:56:28,
17723530,2,1631,0529970,0529970,2026-02-25,2026-02-25 08:56:28,
17723531,1,1135,0520922,0520922,2026-02-25,2026-02-25 08:56:29,
17723532,2,1135,0520904,0520904,2026-02-25,2026-02-25 08:56:30,
17723533,3,1135,0520929,0520929,2026-02-25,2026-02-25 08:56:31,
17723538,3,1177,0521274,0521274,2026-02-25,2026-02-25 08:56:35,
17723557,2,0745,0521612,0521612,2026-02-25,2026-02-25 08:57:00,
17723583,2,0833,0525526,0525526,2026-02-25,2026-02-25 08:57:36,
17723587,3,0833,0525522,0525522,2026-02-25,2026-02-25 08:57:38,
17723600,3,0745,0521618,0521618,2026-02-25,2026-02-25 08:58:03,
17723639,3,1631,0525349,0525349,2026-02-25,2026-02-25 08:59:05,
17723670,1,1018,0521262,0521262,2026-02-25,2026-02-25 08:59:59,
17723688,3,1561,0528118,0528118,2026-02-25,2026-02-25 09:00:56,
17723690,1,1070,0525845,0525845,2026-02-25,2026-02-25 09:01:02,
17723691,2,1070,0525843,0525843,2026-02-25,2026-02-25 09:01:03,
17723693,1,0078,0527452,0527452,2026-02-25,2026-02-25 09:01:03,
17723694,2,0078,0526486,0526486,2026-02-25,2026-02-25 09:01:04,
17723695,3,0078,0527450,0527450,2026-02-25,2026-02-25 09:01:04,
17723734,3,1070,0525844,0525844,2026-02-25,2026-02-25 09:02:38,
17723758,1,1186,0522501,0522501,2026-02-25,2026-02-25 09:03:32,
17723823,2,1186,0526718,0526718,2026-02-25,2026-02-25 09:05:10,
17723826,1,1210,0527125,0527125,2026-02-25,2026-02-25 09:05:19,
17723837,1,1449,0523892,0523892,2026-02-25,2026-02-25 09:05:35,
17723839,2,1449,0523895,0523895,2026-02-25,2026-02-25 09:05:38,
17723840,3,1449,0523503,0523503,2026-02-25,2026-02-25 09:05:39,
17723843,1,0676,0527319,0527319,2026-02-25,2026-02-25 09:05:48,
17723844,2,0676,0527324,0527324,2026-02-25,2026-02-25 09:05:49,
17723857,2,1018,0521264,0521264,2026-02-25,2026-02-25 09:06:05,
17723859,1,1898,0520785,0520785,2026-02-25,2026-02-25 09:06:12,
17723861,2,1898,0520764,0520764,2026-02-25,2026-02-25 09:06:15,
17723862,3,1186,0522504,0522504,2026-02-25,2026-02-25 09:06:19,
17723877,2,1210,0527122,0527122,2026-02-25,2026-02-25 09:06:42,
17723887,2,0011,0527198,0527198,2026-02-25,2026-02-25 09:06:56,
17723889,1,0383,0520396,0520396,2026-02-25,2026-02-25 09:07:01,
17723891,1,1980,0523617,0523617,2026-02-25,2026-02-25 09:07:01,
17723892,2,1980,0523626,0523626,2026-02-25,2026-02-25 09:07:03,
17723893,3,1980,0523604,0523604,2026-02-25,2026-02-25 09:07:06,
17723894,2,0275,0523110,0523110,2026-02-25,2026-02-25 09:07:07,
17723895,3,0275,0523133,0523133,2026-02-25,2026-02-25 09:07:07,
17723899,1,0356,0522288,0522288,2026-02-25,2026-02-25 09:07:12,
17723913,1,1389,0522874,0522874,2026-02-25,2026-02-25 09:07:21,
17723929,3,1210,0527101,0527101,2026-02-25,2026-02-25 09:07:50,
17723934,1,0599,0523524,0523524,2026-02-25,2026-02-25 09:07:57,
17723936,1,0822,0525514,0525514,2026-02-25,2026-02-25 09:07:57,
17723938,2,0822,0521874,0521874,2026-02-25,2026-02-25 09:07:59,
17723939,2,0599,0523522,0523522,2026-02-25,2026-02-25 09:07:59,
17723940,3,0822,0525550,0525550,2026-02-25,2026-02-25 09:08:00,
17723941,3,0599,0523532,0523532,2026-02-25,2026-02-25 09:08:01,
17723998,2,0356,0522251,0522251,2026-02-25,2026-02-25 09:08:55,
17724002,1,1151,0525498,0525498,2026-02-25,2026-02-25 09:08:57,
17724007,2,1151,0527587,0527587,2026-02-25,2026-02-25 09:09:08,
17724008,1,0093,0523866,0523866,2026-02-25,2026-02-25 09:09:07,
17724011,2,1160,0521841,0521841,2026-02-25,2026-02-25 09:09:12,
17724012,3,1160,0521850,0521850,2026-02-25,2026-02-25 09:09:14,
17724014,1,1788,0522205,0522205,2026-02-25,2026-02-25 09:07:12,
17724017,3,1151,0521936,0521936,2026-02-25,2026-02-25 09:09:18,
17724018,2,1788,0522232,0522232,2026-02-25,2026-02-25 09:07:13,
17724020,3,1788,0522245,0522245,2026-02-25,2026-02-25 09:07:16,
17724024,3,1898,0520784,0520784,2026-02-25,2026-02-25 09:09:24,
17724025,2,0383,0520330,0520330,2026-02-25,2026-02-25 09:09:24,
17724026,3,0383,0520317,0520317,2026-02-25,2026-02-25 09:09:24,
17724033,1,0673,0520512,0520512,2026-02-25,2026-02-25 09:09:26,
17724040,2,0093,0523864,0523864,2026-02-25,2026-02-25 09:09:33,
17724041,3,0093,0523865,0523865,2026-02-25,2026-02-25 09:09:37,
17724044,1,0023,0525239,0525239,2026-02-25,2026-02-25 09:09:41,
17724064,1,0238,0521301,0521301,2026-02-25,2026-02-25 09:10:00,
17724065,2,0238,0523916,0523916,2026-02-25,2026-02-25 09:10:01,
17724075,1,0395,0523902,0523902,2026-02-25,2026-02-25 09:10:15,
17724077,2,0395,0523906,0523906,2026-02-25,2026-02-25 09:10:18,
17724078,3,0395,0523903,0523903,2026-02-25,2026-02-25 09:10:18,
17724084,1,1825,0521011,0521011,2026-02-25,2026-02-25 09:10:22,
17724089,2,1825,0521001,0521001,2026-02-25,2026-02-25 09:10:26,
17724090,3,1018,0521263,0521263,2026-02-25,2026-02-25 09:10:27,
17724095,1,0728,0528886,0528886,2026-02-25,2026-02-25 09:10:28,
17724098,1,1348,0521666,0521666,2026-02-25,2026-02-25 09:10:29,
17724102,2,0728,0528890,0528890,2026-02-25,2026-02-25 09:10:29,
17724110,2,1348,0521673,0521673,2026-02-25,2026-02-25 09:10:34,
17724114,1,0569,0520241,0520241,2026-02-25,2026-02-25 09:10:38,
17724123,3,0728,0528808,0528808,2026-02-25,2026-02-25 09:10:45,
17724128,2,1389,0522863,0522863,2026-02-25,2026-02-25 09:10:46,
17724129,1,1656,0521504,0521504,2026-02-25,2026-02-25 09:10:48,
17724135,2,1656,0520138,0520138,2026-02-25,2026-02-25 09:10:52,
17724137,1,1998,0527075,0527075,2026-02-25,2026-02-25 09:10:53,
17724138,2,1998,0527069,0527069,2026-02-25,2026-02-25 09:10:53,
17724148,1,0683,0521334,0521334,2026-02-25,2026-02-25 09:11:03,
17724156,2,0683,0521333,0521333,2026-02-25,2026-02-25 09:11:10,
17724160,1,0132,0520377,0520377,2026-02-25,2026-02-25 09:11:19,
17724165,3,0683,0521339,0521339,2026-02-25,2026-02-25 09:11:23,
17724177,1,0317,0520743,0520743,2026-02-25,2026-02-25 09:11:39,
17724179,2,1129,0529418,0529418,2026-02-25,2026-02-25 09:11:40,
17724182,3,1129,0529415,0529415,2026-02-25,2026-02-25 09:11:46,
17724188,1,0889,0523720,0523720,2026-02-25,2026-02-25 09:11:59,
17724192,2,0889,0523705,0523705,2026-02-25,2026-02-25 09:12:07,
17724193,3,0889,0523715,0523715,2026-02-25,2026-02-25 09:12:09,
17724196,1,0373,0523430,0523430,2026-02-25,2026-02-25 09:12:08,
17724197,3,0238,0529624,0529624,2026-02-25,2026-02-25 09:12:09,
17724205,1,1187,0523282,0523282,2026-02-25,2026-02-25 09:12:15,
17724209,3,0676,0527328,0527328,2026-02-25,2026-02-25 09:12:20,
17724213,2,0023,0525230,0525230,2026-02-25,2026-02-25 09:12:24,
17724214,1,0858,0526843,0526843,2026-02-25,2026-02-25 09:12:27,
17724215,2,0858,0526837,0526837,2026-02-25,2026-02-25 09:12:30,
17724218,1,0017,0527238,0527238,2026-02-25,2026-02-25 09:12:34,
17724219,2,0017,0527244,0527244,2026-02-25,2026-02-25 09:12:36,
17724220,3,0017,0527232,0527232,2026-02-25,2026-02-25 09:12:37,
17724223,3,0356,0522289,0522289,2026-02-25,2026-02-25 09:12:41,
17724232,3,0023,0525233,0525233,2026-02-25,2026-02-25 09:12:46,
17724233,1,0931,0526778,0526778,2026-02-25,2026-02-25 09:12:50,
17724234,2,0931,0526791,0526791,2026-02-25,2026-02-25 09:12:56,
17724235,3,0931,0526781,0526781,2026-02-25,2026-02-25 09:12:57,
17724239,3,0858,0526845,0526845,2026-02-25,2026-02-25 09:13:05,
17724248,1,1667,0526688,0526688,2026-02-25,2026-02-25 09:13:07,
17724249,2,1667,0526631,0526631,2026-02-25,2026-02-25 09:13:10,
17724263,1,1169,0520058,0520058,2026-02-25,2026-02-25 09:13:16,
17724267,2,1169,0529596,0529596,2026-02-25,2026-02-25 09:13:19,
17724274,1,1223,0526986,0526986,2026-02-25,2026-02-25 09:13:37,
17724275,2,1223,0526963,0526963,2026-02-25,2026-02-25 09:13:40,
17724277,3,1223,0526977,0526977,2026-02-25,2026-02-25 09:13:44,
17724285,2,0373,0523409,0523409,2026-02-25,2026-02-25 09:13:51,
17724288,3,0373,0523401,0523401,2026-02-25,2026-02-25 09:13:54,
17724290,1,0480,0528071,0528071,2026-02-25,2026-02-25 09:13:58,
17724291,1,1121,0523064,0523064,2026-02-25,2026-02-25 09:13:59,
17724292,3,1825,0521016,0521016,2026-02-25,2026-02-25 09:14:01,
17724293,3,1348,0521672,0521672,2026-02-25,2026-02-25 09:14:02,
17724304,1,0083,0528095,0528095,2026-02-25,2026-02-25 09:14:26,
17724340,2,0480,0528070,0528070,2026-02-25,2026-02-25 09:15:22,
17724341,3,1998,0527095,0527095,2026-02-25,2026-02-25 09:15:23,
17724346,1,1059,0523099,0523099,2026-02-25,2026-02-25 09:15:27,
17724347,3,1656,0521506,0521506,2026-02-25,2026-02-25 09:15:34,
17724353,2,1059,0522165,0522165,2026-02-25,2026-02-25 09:15:49,
17724362,2,1377,0521155,0521155,2026-02-25,2026-02-25 09:15:57,
17724363,1,1331,0529271,0529271,2026-02-25,2026-02-25 09:14:39,
17724364,2,1331,0529263,0529263,2026-02-25,2026-02-25 09:14:40,
17724367,3,1331,0529259,0529259,2026-02-25,2026-02-25 09:14:43,
17724371,2,0083,0528098,0528098,2026-02-25,2026-02-25 09:16:08,
17724374,1,1167,0520847,0520847,2026-02-25,2026-02-25 09:16:13,
17724378,3,1059,0522169,0522169,2026-02-25,2026-02-25 09:16:12,
17724380,3,0480,0528088,0528088,2026-02-25,2026-02-25 09:16:17,
17724384,1,1288,0521824,0521824,2026-02-25,2026-02-25 09:16:17,
17724385,1,1295,0529837,0529837,2026-02-25,2026-02-25 09:16:19,
17724418,1,0660,0521731,0521731,2026-02-25,2026-02-25 09:16:53,
17724421,2,0660,0521733,0521733,2026-02-25,2026-02-25 09:16:55,
17724422,3,0660,0521734,0521734,2026-02-25,2026-02-25 09:16:56,
17724424,2,1288,0521826,0521826,2026-02-25,2026-02-25 09:17:00,
17724428,1,1931,0527386,0527386,2026-02-25,2026-02-25 09:17:01,
17724429,2,0673,0520506,0520506,2026-02-25,2026-02-25 09:17:04,
17724442,1,0698,0528323,0528323,2026-02-25,2026-02-25 09:17:17,
17724448,3,1288,0521812,0521812,2026-02-25,2026-02-25 09:17:22,
17724451,1,1378,0525979,0525979,2026-02-25,2026-02-25 09:17:29,
17724453,2,0317,0520744,0520744,2026-02-25,2026-02-25 09:17:31,
17724456,3,1667,0526681,0526681,2026-02-25,2026-02-25 09:17:33,
17724457,1,0688,0523487,0523487,2026-02-25,2026-02-25 09:17:32,
17724458,2,0688,0523483,0523483,2026-02-25,2026-02-25 09:17:33,
17724459,2,1931,0526468,0526468,2026-02-25,2026-02-25 09:17:32,
17724461,2,0569,0520254,0520254,2026-02-25,2026-02-25 09:17:36,
17724465,1,0733,0529146,0529146,2026-02-25,2026-02-25 09:17:43,
17724474,1,0121,0523302,0523302,2026-02-25,2026-02-25 09:17:46,
17724475,3,0083,0520668,0520668,2026-02-25,2026-02-25 09:17:46,
17724480,1,0338,0522984,0522984,2026-02-25,2026-02-25 09:17:51,
17724487,1,0074,0525738,0525738,2026-02-25,2026-02-25 09:18:00,
17724488,1,0279,0526249,0526249,2026-02-25,2026-02-25 09:18:02,
17724489,2,0698,0528650,0528650,2026-02-25,2026-02-25 09:18:01,
17724491,2,0074,0525750,0525750,2026-02-25,2026-02-25 09:18:03,
17724493,1,0526,0527204,0527204,2026-02-25,2026-02-25 09:18:07,
17724496,1,0349,0522775,0522775,2026-02-25,2026-02-25 09:18:09,
17724497,2,0349,0522782,0522782,2026-02-25,2026-02-25 09:18:11,
17724501,2,0279,0526252,0526252,2026-02-25,2026-02-25 09:18:12,
17724502,1,1997,0529721,0529721,2026-02-25,2026-02-25 09:18:12,
17724503,2,0132,0520391,0520391,2026-02-25,2026-02-25 09:18:16,
17724504,3,0279,0526251,0526251,2026-02-25,2026-02-25 09:18:16,
17724511,3,0132,0520388,0520388,2026-02-25,2026-02-25 09:18:20,
17724512,1,0831,0528269,0528269,2026-02-25,2026-02-25 09:18:22,
17724513,2,1997,0529707,0529707,2026-02-25,2026-02-25 09:18:24,
17724516,2,0338,0522986,0522986,2026-02-25,2026-02-25 09:18:25,
17724520,2,1295,0529822,0529822,2026-02-25,2026-02-25 09:18:29,
17724530,3,0688,0523160,0523160,2026-02-25,2026-02-25 09:18:35,
17724537,1,1216,0525023,0525023,2026-02-25,2026-02-25 09:18:39,
17724538,3,0349,0522798,0522798,2026-02-25,2026-02-25 09:18:40,
17724539,3,0569,0520242,0520242,2026-02-25,2026-02-25 09:18:41,
17724540,3,0317,0522094,0522094,2026-02-25,2026-02-25 09:18:47,
17724549,2,1216,0525047,0525047,2026-02-25,2026-02-25 09:18:57,
17724554,3,1216,0525021,0525021,2026-02-25,2026-02-25 09:19:01,
17724560,3,0074,0525751,0525751,2026-02-25,2026-02-25 09:19:05,
17724571,1,0520,0528550,0528550,2026-02-25,2026-02-25 09:19:12,
17724572,1,1188,0522746,0522746,2026-02-25,2026-02-25 09:19:14,
17724573,1,0917,0527051,0527051,2026-02-25,2026-02-25 09:19:13,
17724574,2,1188,0522413,0522413,2026-02-25,2026-02-25 09:19:14,
17724575,3,1188,0522401,0522401,2026-02-25,2026-02-25 09:19:14,
17724581,2,0526,0527220,0527220,2026-02-25,2026-02-25 09:19:19,
17724586,3,0526,0527217,0527217,2026-02-25,2026-02-25 09:19:25,
17724595,2,1187,0523288,0523288,2026-02-25,2026-02-25 09:19:29,
17724599,2,0831,0528264,0528264,2026-02-25,2026-02-25 09:19:40,
17724601,3,0831,0528293,0528293,2026-02-25,2026-02-25 09:19:42,
17724608,2,1167,0520831,0520831,2026-02-25,2026-02-25 09:19:49,
17724610,3,1167,0520836,0520836,2026-02-25,2026-02-25 09:19:50,
17724616,3,0338,0522991,0522991,2026-02-25,2026-02-25 09:19:57,
17724624,3,1997,0529712,0529712,2026-02-25,2026-02-25 09:19:59,
17724636,3,1169,0522071,0522071,2026-02-25,2026-02-25 09:20:11,
17724646,1,0177,0527512,0527512,2026-02-25,2026-02-25 09:20:14,
17724649,1,0098,0520269,0520269,2026-02-25,2026-02-25 09:20:17,
17724673,1,1197,0528465,0528465,2026-02-25,2026-02-25 09:20:23,
17724674,1,0916,0521708,0521708,2026-02-25,2026-02-25 09:20:24,
17724676,2,1378,0525996,0525996,2026-02-25,2026-02-25 09:20:25,
17724680,2,1197,0528492,0528492,2026-02-25,2026-02-25 09:20:25,
17724681,3,1197,0528478,0528478,2026-02-25,2026-02-25 09:20:26,
17724682,2,0916,0526566,0526566,2026-02-25,2026-02-25 09:20:27,
17724683,3,0916,0521957,0521957,2026-02-25,2026-02-25 09:20:29,
17724684,1,1173,0521455,0521455,2026-02-25,2026-02-25 09:20:29,
17724685,3,1295,0529821,0529821,2026-02-25,2026-02-25 09:20:26,
17724692,3,1389,0522883,0522883,2026-02-25,2026-02-25 09:20:33,
17724697,2,0177,0527502,0527502,2026-02-25,2026-02-25 09:20:38,
17724701,2,0917,0527010,0527010,2026-02-25,2026-02-25 09:20:47,
17724712,2,0121,0523317,0523317,2026-02-25,2026-02-25 09:20:53,
17724713,3,0121,0523301,0523301,2026-02-25,2026-02-25 09:20:55,
17724714,2,1121,0523040,0523040,2026-02-25,2026-02-25 09:20:54,
17724715,3,0698,0528200,0528200,2026-02-25,2026-02-25 09:20:58,
17724720,3,1121,0523060,0523060,2026-02-25,2026-02-25 09:20:58,
17724758,1,0628,0523582,0523582,2026-02-25,2026-02-25 09:21:27,
17724768,2,0520,0528510,0528510,2026-02-25,2026-02-25 09:21:39,
17724769,2,0098,0520285,0520285,2026-02-25,2026-02-25 09:21:42,
17724773,3,0177,0527511,0527511,2026-02-25,2026-02-25 09:21:44,
17724819,1,0035,0523948,0523948,2026-02-25,2026-02-25 09:22:10,
17724835,2,0035,0523994,0523994,2026-02-25,2026-02-25 09:22:18,
17724836,3,0035,0523988,0523988,2026-02-25,2026-02-25 09:22:20,
17724874,3,0098,0520291,0520291,2026-02-25,2026-02-25 09:22:54,
17724880,1,0739,0526640,0526640,2026-02-25,2026-02-25 09:23:00,
17724906,2,0733,0525267,0525267,2026-02-25,2026-02-25 09:23:21,
17724909,1,1658,0528690,0528690,2026-02-25,2026-02-25 09:23:23,
17724910,3,0733,0521739,0521739,2026-02-25,2026-02-25 09:23:24,
17724914,2,1658,0528688,0528688,2026-02-25,2026-02-25 09:23:31,
17724917,3,1187,0523811,0523811,2026-02-25,2026-02-25 09:23:34,
17724919,2,1173,0521449,0521449,2026-02-25,2026-02-25 09:23:35,
17724946,3,1173,0521456,0521456,2026-02-25,2026-02-25 09:23:55,
17724949,3,1658,0528686,0528686,2026-02-25,2026-02-25 09:23:56,
17724955,2,0628,0523592,0523592,2026-02-25,2026-02-25 09:24:00,
17724957,3,0520,0528512,0528512,2026-02-25,2026-02-25 09:24:04,
17724981,3,0917,0527053,0527053,2026-02-25,2026-02-25 09:24:14,
17724983,1,1060,0520652,0520652,2026-02-25,2026-02-25 09:24:16,
17724984,2,1060,0520646,0520646,2026-02-25,2026-02-25 09:24:17,
17724992,3,1931,0526456,0526456,2026-02-25,2026-02-25 09:24:21,
17725038,3,1060,0520601,0520601,2026-02-25,2026-02-25 09:24:56,
17725046,2,0519,0523775,0523775,2026-02-25,2026-02-25 09:24:57,
17725054,2,0739,0526642,0526642,2026-02-25,2026-02-25 09:25:08,
17725055,1,0296,0528549,0528549,2026-02-25,2026-02-25 09:25:10,
17725056,1,0462,0528443,0528443,2026-02-25,2026-02-25 09:25:07,
17725057,2,0462,0528431,0528431,2026-02-25,2026-02-25 09:25:08,
17725058,3,0462,0528402,0528402,2026-02-25,2026-02-25 09:25:09,
17725095,3,0739,0526690,0526690,2026-02-25,2026-02-25 09:25:32,
17725142,3,0488,0521926,0521926,2026-02-25,2026-02-25 09:25:58,
17725158,2,0287,0525726,0525726,2026-02-25,2026-02-25 09:26:11,
17725164,3,0287,0525727,0525727,2026-02-25,2026-02-25 09:26:16,
17725169,1,0207,0525300,0525300,2026-02-25,2026-02-25 09:26:18,
17725180,2,0207,0525308,0525308,2026-02-25,2026-02-25 09:26:23,
17725181,3,0207,0528955,0528955,2026-02-25,2026-02-25 09:26:23,
17725246,2,0296,0528501,0528501,2026-02-25,2026-02-25 09:27:25,
17725312,3,0628,0523599,0523599,2026-02-25,2026-02-25 09:28:25,
17725327,3,1378,0525986,0525986,2026-02-25,2026-02-25 09:28:44,
17725397,3,0296,0522098,0522098,2026-02-25,2026-02-25 09:29:44,
17725408,1,0180,0523081,0523081,2026-02-25,2026-02-25 09:29:55,
17725448,1,0818,0529968,0529968,2026-02-25,2026-02-25 09:30:51,
17725454,2,0180,0523082,0523082,2026-02-25,2026-02-25 09:30:53,
17725500,2,0818,0529785,0529785,2026-02-25,2026-02-25 09:31:32,
17725505,1,0895,0522531,0522531,2026-02-25,2026-02-25 09:31:37,
17725507,2,0895,0522533,0522533,2026-02-25,2026-02-25 09:31:38,
17725548,3,0180,0523085,0523085,2026-02-25,2026-02-25 09:32:16,
17725563,3,0022,0529805,0529805,2026-02-25,2026-02-25 09:32:39,
17725612,1,1230,0523732,0523732,2026-02-25,2026-02-25 09:33:21,
17725617,1,0277,0525655,0525655,2026-02-25,2026-02-25 09:33:22,
17725621,2,1230,0523727,0523727,2026-02-25,2026-02-25 09:33:28,
17725659,2,0277,0525679,0525679,2026-02-25,2026-02-25 09:34:11,
17725660,3,0277,0525666,0525666,2026-02-25,2026-02-25 09:34:12,
17725695,3,1230,0523733,0523733,2026-02-25,2026-02-25 09:34:34,
17725745,3,0895,0522760,0522760,2026-02-25,2026-02-25 09:35:32,
17725790,3,0818,0529783,0529783,2026-02-25,2026-02-25 09:36:10,
17725862,1,1456,0529667,0529667,2026-02-25,2026-02-25 09:38:06,
17725863,2,1456,0529669,0529669,2026-02-25,2026-02-25 09:38:07,
17725864,3,1456,0529651,0529651,2026-02-25,2026-02-25 09:38:08,
17725893,1,0529,0522381,0522381,2026-02-25,2026-02-25 09:38:41,
17725894,2,0529,0522390,0522390,2026-02-25,2026-02-25 09:38:44,
17725944,3,0529,0522391,0522391,2026-02-25,2026-02-25 09:39:44,
17725962,1,0515,0526916,0526916,2026-02-25,2026-02-25 09:39:56,
17725963,2,0515,0526907,0526907,2026-02-25,2026-02-25 09:39:56,
17725964,3,0515,0526901,0526901,2026-02-25,2026-02-25 09:39:58,
17726138,1,0119,0521047,0521047,2026-02-25,2026-02-25 09:43:43,
17726139,2,0119,0521059,0521059,2026-02-25,2026-02-25 09:43:46,
17726142,3,0119,0521060,0521060,2026-02-25,2026-02-25 09:43:46,
17726198,1,0233,0521880,0521880,2026-02-25,2026-02-25 09:45:01,
17726202,2,0233,0521900,0521900,2026-02-25,2026-02-25 09:45:04,
17726306,3,0233,0521885,0521885,2026-02-25,2026-02-25 09:47:47,
17726351,1,0658,0521566,0521566,2026-02-25,2026-02-25 09:49:31,
17726352,3,0673,0520521,0520521,2026-02-25,2026-02-25 09:49:43,
17726380,1,0828,0529928,0529928,2026-02-25,2026-02-25 09:50:45,
17726382,2,0828,0529923,0529923,2026-02-25,2026-02-25 09:50:48,
17726383,3,0828,0529914,0529914,2026-02-25,2026-02-25 09:50:51,
17726406,1,0579,0528901,0528901,2026-02-25,2026-02-25 09:51:39,
17726407,2,0579,0528911,0528911,2026-02-25,2026-02-25 09:51:40,
17726410,3,0579,0528906,0528906,2026-02-25,2026-02-25 09:51:42,
17726429,2,0658,0521573,0521573,2026-02-25,2026-02-25 09:52:38,
17726438,1,1929,0526305,0526305,2026-02-25,2026-02-25 09:53:11,
17726439,2,1929,0526193,0526193,2026-02-25,2026-02-25 09:53:13,
17726440,3,1929,0526310,0526310,2026-02-25,2026-02-25 09:53:14,
17726474,3,0658,0521575,0521575,2026-02-25,2026-02-25 09:54:08,
17726502,1,0955,0525682,0525682,2026-02-25,2026-02-25 09:55:41,
17726504,3,0011,0527154,0527154,2026-02-25,2026-02-25 09:55:45,
17726509,2,0955,0526480,0526480,2026-02-25,2026-02-25 09:55:59,
17726510,3,0955,0525685,0525685,2026-02-25,2026-02-25 09:56:00,
17726523,1,0503,0522342,0522342,2026-02-25,2026-02-25 09:56:36,
17726524,2,0503,0522341,0522341,2026-02-25,2026-02-25 09:56:37,
17726539,1,1090,0526112,0526112,2026-02-25,2026-02-25 09:57:33,
17726540,2,1090,0526168,0526168,2026-02-25,2026-02-25 09:57:34,
17726541,3,1090,0526187,0526187,2026-02-25,2026-02-25 09:57:37,
17726573,1,0593,0525794,0525794,2026-02-25,2026-02-25 09:58:44,
17726574,2,0593,0525758,0525758,2026-02-25,2026-02-25 09:58:45,
17726575,3,0593,0525763,0525763,2026-02-25,2026-02-25 09:58:48,
17726579,3,0503,0522344,0522344,2026-02-25,2026-02-25 09:59:12,
17726589,1,1183,0523380,0523380,2026-02-25,2026-02-25 09:59:35,
17726629,2,1183,0523370,0523370,2026-02-25,2026-02-25 10:02:11,
17726739,3,1183,0523384,0523384,2026-02-25,2026-02-25 10:08:59,
17726791,1,0185,0523171,0523171,2026-02-25,2026-02-25 10:12:02,
17726792,2,0185,0523178,0523178,2026-02-25,2026-02-25 10:12:02,
17726798,3,0185,0523176,0523176,2026-02-25,2026-02-25 10:12:13,
17726861,1,0258,0529041,0529041,2026-02-25,2026-02-25 10:18:12,
17726862,2,0258,0529054,0529054,2026-02-25,2026-02-25 10:18:13,
17726863,3,0258,0529099,0529099,2026-02-25,2026-02-25 10:18:13,
17726883,1,1252,0523685,0523685,2026-02-25,2026-02-25 10:21:02,
17726886,2,1252,0523825,0523825,2026-02-25,2026-02-25 10:21:07,
17726893,1,0528,0521998,0521998,2026-02-25,2026-02-25 10:21:15,
17726894,2,0528,0521976,0521976,2026-02-25,2026-02-25 10:21:15,
17726895,3,0528,0526428,0526428,2026-02-25,2026-02-25 10:21:17,
17726910,3,1252,0523831,0523831,2026-02-25,2026-02-25 10:23:00,
17726919,1,0926,0522518,0522518,2026-02-25,2026-02-25 10:23:14,
17726927,2,0926,0529316,0529316,2026-02-25,2026-02-25 10:23:25,
17726940,3,0926,0522629,0522629,2026-02-25,2026-02-25 10:24:03,
17727003,1,0330,0522495,0522495,2026-02-25,2026-02-25 10:30:16,
17727019,1,0858,0526825,0526825,2026-02-25,2026-02-25 10:31:54,
17727020,2,0858,0526884,0526884,2026-02-25,2026-02-25 10:31:56,
17727022,3,0858,0526862,0526862,2026-02-25,2026-02-25 10:31:59,
17727030,1,0338,0522977,0522977,2026-02-25,2026-02-25 10:32:55,
17727031,2,0338,0522991,0522991,2026-02-25,2026-02-25 10:32:57,
17727040,2,0330,0522491,0522491,2026-02-25,2026-02-25 10:33:23,
17727064,3,0330,0522484,0522484,2026-02-25,2026-02-25 10:35:19,
17727068,1,0689,0522111,0522111,2026-02-25,2026-02-25 10:35:30,
17727071,2,0689,0522104,0522104,2026-02-25,2026-02-25 10:35:32,
17727072,3,0689,0522102,0522102,2026-02-25,2026-02-25 10:35:33,
17727074,3,0338,0522986,0522986,2026-02-25,2026-02-25 10:35:52,
17727099,1,1185,0529554,0529554,2026-02-25,2026-02-25 10:37:15,
17727100,2,1185,0529564,0529564,2026-02-25,2026-02-25 10:37:17,
17727101,3,1185,0529551,0529551,2026-02-25,2026-02-25 10:37:23,
17727134,1,0070,0521597,0521597,2026-02-25,2026-02-25 10:41:02,
17727135,2,0070,0521595,0521595,2026-02-25,2026-02-25 10:41:02,
17727136,3,0070,0521591,0521591,2026-02-25,2026-02-25 10:41:03,
17727169,1,0119,0521063,0521063,2026-02-25,2026-02-25 10:45:04,
17727171,2,0119,0521038,0521038,2026-02-25,2026-02-25 10:45:07,
17727173,3,0119,0521061,0521061,2026-02-25,2026-02-25 10:45:09,
17727184,1,0880,0528777,0528777,2026-02-25,2026-02-25 10:46:24,
17727215,1,0458,0526583,0526583,2026-02-25,2026-02-25 10:52:38,
17727216,2,0458,0526586,0526586,2026-02-25,2026-02-25 10:52:44,
17727217,1,0966,0527681,0527681,2026-02-25,2026-02-25 10:53:19,
17727218,2,0966,0527696,0527696,2026-02-25,2026-02-25 10:53:20,
17727219,3,0966,0527688,0527688,2026-02-25,2026-02-25 10:53:20,
17727252,3,0458,0526585,0526585,2026-02-25,2026-02-25 10:56:47,
17727258,1,0390,0521715,0521715,2026-02-25,2026-02-25 10:57:45,
17727261,1,1177,0521278,0521278,2026-02-25,2026-02-25 10:58:45,
17727262,2,1177,0521283,0521283,2026-02-25,2026-02-25 10:58:49,
17727265,3,1177,0521270,0521270,2026-02-25,2026-02-25 11:01:02,
17727278,1,1331,0529270,0529270,2026-02-25,2026-02-25 11:04:54,
17727279,2,1331,0529258,0529258,2026-02-25,2026-02-25 11:04:54,
17727280,3,1331,0529253,0529253,2026-02-25,2026-02-25 11:04:56,
17727292,2,0390,0521716,0521716,2026-02-25,2026-02-25 11:08:20,
17727323,1,1235,0528560,0528560,2026-02-25,2026-02-25 11:23:02,
17727324,2,1235,0528578,0528578,2026-02-25,2026-02-25 11:23:07,
17727325,1,1020,0520153,0520153,2026-02-25,2026-02-25 11:27:07,
17727326,1,1223,0526985,0526985,2026-02-25,2026-02-25 11:27:28,
17727327,2,1020,0520156,0520156,2026-02-25,2026-02-25 11:28:02,
17727328,3,1020,0520189,0520189,2026-02-25,2026-02-25 11:28:17,
17727329,2,1223,0526977,0526977,2026-02-25,2026-02-25 11:28:38,
17727330,3,1223,0526975,0526975,2026-02-25,2026-02-25 11:31:09,
17727357,3,1235,0528563,0528563,2026-02-25,2026-02-25 11:41:50,
17727410,1,0258,0529052,0529052,2026-02-25,2026-02-25 12:08:22,
17727411,2,0258,0529015,0529015,2026-02-25,2026-02-25 12:08:22,
17727412,3,0258,0529016,0529016,2026-02-25,2026-02-25 12:08:23,
17727485,1,0023,0525235,0525235,2026-02-25,2026-02-25 12:20:59,
17727486,2,0023,0525233,0525233,2026-02-25,2026-02-25 12:21:00,
17727487,3,0023,0525230,0525230,2026-02-25,2026-02-25 12:24:36,
17727491,1,0124,0522019,0522019,2026-02-25,2026-02-25 12:26:30,
17727492,2,0124,0526557,0526557,2026-02-25,2026-02-25 12:26:31,
17727493,3,0124,0522012,0522012,2026-02-25,2026-02-25 12:26:43,
17727522,1,0070,0521599,0521599,2026-02-25,2026-02-25 12:47:51,
17727523,2,0070,0521591,0521591,2026-02-25,2026-02-25 12:48:18,
17727534,3,0070,0521595,0521595,2026-02-25,2026-02-25 12:54:22,
17727545,2,0199,0526732,0526732,2026-02-25,2026-02-25 13:02:29,
17727547,1,0019,0525378,0525378,2026-02-25,2026-02-25 13:02:47,
17727548,2,0019,0525388,0525388,2026-02-25,2026-02-25 13:02:48,
17727549,3,0199,0526712,0526712,2026-02-25,2026-02-25 13:02:49,
17727555,1,0117,0520561,0520561,2026-02-25,2026-02-25 13:05:29,
17727556,2,0117,0520583,0520583,2026-02-25,2026-02-25 13:05:31,
17727557,1,0339,0529637,0529637,2026-02-25,2026-02-25 13:05:33,
17727558,1,0847,0521126,0521126,2026-02-25,2026-02-25 13:05:37,
17727559,1,0919,0525972,0525972,2026-02-25,2026-02-25 13:05:59,
17727560,2,0919,0525964,0525964,2026-02-25,2026-02-25 13:05:59,
17727564,3,0117,0520596,0520596,2026-02-25,2026-02-25 13:06:02,
17727566,2,0847,0521134,0521134,2026-02-25,2026-02-25 13:06:06,
17727570,2,0339,0529634,0529634,2026-02-25,2026-02-25 13:06:44,
17727572,3,0339,0521746,0521746,2026-02-25,2026-02-25 13:06:58,
17727578,3,0847,0521147,0521147,2026-02-25,2026-02-25 13:07:42,
17727582,3,0919,0525969,0525969,2026-02-25,2026-02-25 13:08:04,
17727584,3,0019,0525380,0525380,2026-02-25,2026-02-25 13:08:07,
17727614,1,1235,0528563,0528563,2026-02-25,2026-02-25 13:11:56,
17727623,2,1235,0528570,0528570,2026-02-25,2026-02-25 13:14:04,
17727627,3,1235,0528562,0528562,2026-02-25,2026-02-25 13:14:25,
17727696,1,0931,0526783,0526783,2026-02-25,2026-02-25 13:25:13,
17727697,2,0931,0526800,0526800,2026-02-25,2026-02-25 13:25:15,
17727701,1,0698,0528372,0528372,2026-02-25,2026-02-25 13:26:12,
17727703,1,1825,0521011,0521011,2026-02-25,2026-02-25 13:26:51,
17727706,2,1825,0521001,0521001,2026-02-25,2026-02-25 13:27:21,
17727712,1,0306,0520687,0520687,2026-02-25,2026-02-25 13:29:37,
17727713,2,0306,0520691,0520691,2026-02-25,2026-02-25 13:29:39,
17727719,3,0931,0526778,0526778,2026-02-25,2026-02-25 13:31:00,
17727722,2,0698,0528373,0528373,2026-02-25,2026-02-25 13:31:28,
17727725,1,1911,0525040,0525040,2026-02-25,2026-02-25 13:32:53,
17727726,2,1911,0525041,0525041,2026-02-25,2026-02-25 13:33:24,
17727730,3,1825,0521020,0521020,2026-02-25,2026-02-25 13:34:57,
17727731,3,0698,0528368,0528368,2026-02-25,2026-02-25 13:35:01,
17727733,3,0306,0520696,0520696,2026-02-25,2026-02-25 13:35:28,
17727740,3,1911,0525038,0525038,2026-02-25,2026-02-25 13:39:31,
17727792,1,1399,0528609,0528609,2026-02-25,2026-02-25 14:00:19,
17727793,2,1399,0528611,0528611,2026-02-25,2026-02-25 14:00:19,
17727794,3,1399,0528623,0528623,2026-02-25,2026-02-25 14:00:19,
17727816,1,1329,0529201,0529201,2026-02-25,2026-02-25 14:07:05,
17727817,2,1329,0529219,0529219,2026-02-25,2026-02-25 14:07:06,
17727823,3,1329,0529226,0529226,2026-02-25,2026-02-25 14:09:07,
17727851,1,1938,0522077,0522077,2026-02-25,2026-02-25 14:30:26,
17727852,2,1938,0522088,0522088,2026-02-25,2026-02-25 14:30:28,
17727853,1,0505,0527411,0527411,2026-02-25,2026-02-25 14:31:01,
17727854,2,0505,0527423,0527423,2026-02-25,2026-02-25 14:31:01,
17727855,3,0505,0527430,0527430,2026-02-25,2026-02-25 14:31:04,
17727873,3,1938,0522082,0522082,2026-02-25,2026-02-25 14:36:04,
17727875,1,1352,0521368,0521368,2026-02-25,2026-02-25 14:37:03,
17727876,2,1352,0527557,0527557,2026-02-25,2026-02-25 14:37:05,
17727877,3,1352,0521372,0521372,2026-02-25,2026-02-25 14:37:05,
17727895,1,0118,0529692,0529692,2026-02-25,2026-02-25 14:48:52,
17727896,2,0118,0526507,0526507,2026-02-25,2026-02-25 14:48:53,
17727897,3,0118,0526501,0526501,2026-02-25,2026-02-25 14:48:53,
17727917,1,0593,0525768,0525768,2026-02-25,2026-02-25 14:51:22,
17727918,2,0593,0525800,0525800,2026-02-25,2026-02-25 14:51:23,
17727919,3,0593,0525780,0525780,2026-02-25,2026-02-25 14:51:23,
17727935,1,1519,0528972,0528972,2026-02-25,2026-02-25 14:55:17,
17727936,2,1519,0528971,0528971,2026-02-25,2026-02-25 14:55:18,
17727937,3,1519,0528970,0528970,2026-02-25,2026-02-25 14:55:18,
17727949,1,1066,0522902,0522902,2026-02-25,2026-02-25 15:11:05,
17727950,2,1066,0522958,0522958,2026-02-25,2026-02-25 15:11:06,
17727951,3,1066,0522949,0522949,2026-02-25,2026-02-25 15:11:07,
17727977,1,0395,0525286,0525286,2026-02-25,2026-02-25 15:12:11,
17727978,2,0395,0525326,0525326,2026-02-25,2026-02-25 15:12:11,
17727979,3,0395,0522062,0522062,2026-02-25,2026-02-25 15:12:11,
17728027,1,0391,0528171,0528171,2026-02-25,2026-02-25 15:40:58,
17728028,2,0391,0520405,0520405,2026-02-25,2026-02-25 15:40:59,
17728029,3,0391,0520407,0520407,2026-02-25,2026-02-25 15:40:59,
17728050,1,1780,0529620,0529620,2026-02-25,2026-02-25 15:42:16,
17728051,2,1780,0525210,0525210,2026-02-25,2026-02-25 15:42:17,
17728052,3,1780,0529616,0529616,2026-02-25,2026-02-25 15:42:19,
17728065,1,0966,0527696,0527696,2026-02-25,2026-02-25 15:43:12,
17728066,2,0966,0527676,0527676,2026-02-25,2026-02-25 15:43:13,
17728067,3,0966,0527690,0527690,2026-02-25,2026-02-25 15:43:13,
17728095,1,0653,0526340,0526340,2026-02-25,2026-02-25 15:51:00,
17728096,1,1389,0522900,0522900,2026-02-25,2026-02-25 15:52:12,
17728097,2,0911,0521392,0521392,2026-02-25,2026-02-25 15:54:48,
17728098,3,0911,0521393,0521393,2026-02-25,2026-02-25 15:54:51,
17728112,1,0858,0526823,0526823,2026-02-25,2026-02-25 15:55:28,
17728113,2,0858,0526844,0526844,2026-02-25,2026-02-25 15:55:29,
17728114,3,0858,0526888,0526888,2026-02-25,2026-02-25 15:55:30,
17728159,1,1963,0520237,0520237,2026-02-25,2026-02-25 16:02:56,
17728160,2,1963,0520222,0520222,2026-02-25,2026-02-25 16:02:56,
17728161,3,1963,0520205,0520205,2026-02-25,2026-02-25 16:02:57,
17728200,1,1656,0521506,0521506,2026-02-25,2026-02-25 16:05:29,
17728201,2,1656,0521509,0521509,2026-02-25,2026-02-25 16:05:32,
17728202,3,1656,0521503,0521503,2026-02-25,2026-02-25 16:05:32,
17728213,1,0022,0529806,0529806,2026-02-25,2026-02-25 16:07:19,
17728214,2,0022,0522126,0522126,2026-02-25,2026-02-25 16:07:21,
17728215,3,0022,0522182,0522182,2026-02-25,2026-02-25 16:07:23,
17728243,1,1230,0523732,0523732,2026-02-25,2026-02-25 16:09:04,
17728244,2,1230,0523727,0523727,2026-02-25,2026-02-25 16:09:21,
17728247,3,1230,0523458,0523458,2026-02-25,2026-02-25 16:10:08,
17728304,1,1230,0523734,0523734,2026-02-25,2026-02-25 16:12:55,
17728305,1,1230,0523734,0523734,2026-02-25,2026-02-25 16:13:03,
17728306,1,1348,0521662,0521662,2026-02-25,2026-02-25 16:13:12,
17728307,2,1348,0521667,0521667,2026-02-25,2026-02-25 16:13:12,
17728308,3,1348,0521657,0521657,2026-02-25,2026-02-25 16:13:13,
17728333,1,1186,0526722,0526722,2026-02-25,2026-02-25 16:16:27,
17728336,2,0275,0523127,0523127,2026-02-25,2026-02-25 16:18:33,
17728337,3,0275,0523124,0523124,2026-02-25,2026-02-25 16:18:34,
17728366,1,1631,0525354,0525354,2026-02-25,2026-02-25 16:21:58,
17728367,2,1631,0525351,0525351,2026-02-25,2026-02-25 16:21:59,
17728368,3,1631,0525350,0525350,2026-02-25,2026-02-25 16:22:00,
17728381,1,0117,0520587,0520587,2026-02-25,2026-02-25 16:24:11,
17728382,2,0117,0520598,0520598,2026-02-25,2026-02-25 16:24:14,
17728383,3,0117,0520573,0520573,2026-02-25,2026-02-25 16:24:14,
17728408,1,1121,0527407,0527407,2026-02-25,2026-02-25 16:25:32,
17728409,2,1121,0523039,0523039,2026-02-25,2026-02-25 16:25:34,
17728410,3,1121,0523055,0523055,2026-02-25,2026-02-25 16:25:35,
17728434,1,0880,0528708,0528708,2026-02-25,2026-02-25 16:27:16,
17728435,2,0880,0528706,0528706,2026-02-25,2026-02-25 16:27:17,
17728436,3,0880,0528796,0528796,2026-02-25,2026-02-25 16:27:17,
17728452,1,1129,0529405,0529405,2026-02-25,2026-02-25 16:27:32,
17728453,2,1129,0529403,0529403,2026-02-25,2026-02-25 16:27:32,
17728457,3,1129,0529406,0529406,2026-02-25,2026-02-25 16:27:35,
17728503,1,0462,0528442,0528442,2026-02-25,2026-02-25 16:28:50,
17728504,2,0462,0528418,0528418,2026-02-25,2026-02-25 16:28:50,
17728505,3,0462,0528435,0528435,2026-02-25,2026-02-25 16:28:55,
17728507,1,1456,0529125,0529125,2026-02-25,2026-02-25 16:29:12,
17728508,2,1456,0529657,0529657,2026-02-25,2026-02-25 16:29:12,
17728509,3,1456,0529656,0529656,2026-02-25,2026-02-25 16:29:13,
17728515,2,0833,0525707,0525707,2026-02-25,2026-02-25 16:29:15,
17728516,3,0833,0525525,0525525,2026-02-25,2026-02-25 16:29:15,
17728535,1,1060,0520611,0520611,2026-02-25,2026-02-25 16:29:23,
17728536,2,1060,0520610,0520610,2026-02-25,2026-02-25 16:29:23,
17728537,3,1060,0520631,0520631,2026-02-25,2026-02-25 16:29:23,
17728541,1,1010,0526356,0526356,2026-02-25,2026-02-25 16:29:26,
17728551,2,1010,0526373,0526373,2026-02-25,2026-02-25 16:29:27,
17728552,3,1010,0526320,0526320,2026-02-25,2026-02-25 16:29:28,
17728629,1,0728,0528834,0528834,2026-02-25,2026-02-25 16:29:50,
17728630,2,0728,0529500,0529500,2026-02-25,2026-02-25 16:29:51,
17728637,3,0728,0528892,0528892,2026-02-25,2026-02-25 16:29:51,
17728676,1,0579,0528922,0528922,2026-02-25,2026-02-25 16:30:10,
17728677,2,0579,0528927,0528927,2026-02-25,2026-02-25 16:30:10,
17728678,3,0579,0529900,0529900,2026-02-25,2026-02-25 16:30:10,
17728685,1,0745,0521622,0521622,2026-02-25,2026-02-25 16:30:15,
17728686,2,0745,0521621,0521621,2026-02-25,2026-02-25 16:30:15,
17728687,3,0745,0521620,0521620,2026-02-25,2026-02-25 16:30:15,
17728730,1,0898,0521861,0521861,2026-02-25,2026-02-25 16:30:48,
17728731,2,0898,0521858,0521858,2026-02-25,2026-02-25 16:30:48,
17728732,3,0898,0521867,0521867,2026-02-25,2026-02-25 16:30:48,
17728751,1,1197,0528465,0528465,2026-02-25,2026-02-25 16:31:25,
17728752,2,1197,0528479,0528479,2026-02-25,2026-02-25 16:31:25,
17728753,3,1197,0528494,0528494,2026-02-25,2026-02-25 16:31:26,
17728782,1,0538,0522585,0522585,2026-02-25,2026-02-25 16:31:51,
17728783,2,0538,0522574,0522574,2026-02-25,2026-02-25 16:31:52,
17728784,2,0653,0526342,0526342,2026-02-25,2026-02-25 16:32:05,
17728785,3,0538,0522577,0522577,2026-02-25,2026-02-25 16:32:05,
17728787,3,0653,0526326,0526326,2026-02-25,2026-02-25 16:32:07,
17728788,1,1070,0525832,0525832,2026-02-25,2026-02-25 16:32:08,
17728789,2,1070,0525833,0525833,2026-02-25,2026-02-25 16:32:08,
17728790,3,1070,0525834,0525834,2026-02-25,2026-02-25 16:32:09,
17728856,1,0818,0525312,0525312,2026-02-25,2026-02-25 16:33:36,
17728857,2,0818,0523035,0523035,2026-02-25,2026-02-25 16:33:36,
17728858,3,0818,0525316,0525316,2026-02-25,2026-02-25 16:33:37,
17728901,1,1980,0523632,0523632,2026-02-25,2026-02-25 16:34:01,
17728902,2,1980,0523627,0523627,2026-02-25,2026-02-25 16:34:02,
17728903,3,1980,0523618,0523618,2026-02-25,2026-02-25 16:34:02,
17728936,1,0238,0523920,0523920,2026-02-25,2026-02-25 16:36:45,
17728937,2,0238,0521305,0521305,2026-02-25,2026-02-25 16:36:48,
17728938,3,0238,0521309,0521309,2026-02-25,2026-02-25 16:36:49,
17728961,1,1561,0528116,0528116,2026-02-25,2026-02-25 16:40:01,
17728962,2,1561,0528105,0528105,2026-02-25,2026-02-25 16:40:01,
17728963,3,1561,0528117,0528117,2026-02-25,2026-02-25 16:40:02,
17728964,1,0277,0525665,0525665,2026-02-25,2026-02-25 16:39:40,
17728968,2,0277,0525670,0525670,2026-02-25,2026-02-25 16:39:42,
17728969,3,0277,0525668,0525668,2026-02-25,2026-02-25 16:39:45,
17729003,1,0515,0526913,0526913,2026-02-25,2026-02-25 16:44:21,
17729004,2,0515,0526919,0526919,2026-02-25,2026-02-25 16:44:22,
17729005,3,0515,0526920,0526920,2026-02-25,2026-02-25 16:44:23,
17729023,1,1998,0527080,0527080,2026-02-25,2026-02-25 16:48:48,
17729024,2,1998,0527090,0527090,2026-02-25,2026-02-25 16:48:50,
17729026,3,1998,0527073,0527073,2026-02-25,2026-02-25 16:48:51,
17729028,1,0895,0527494,0527494,2026-02-25,2026-02-25 16:48:55,
17729029,2,0895,0522534,0522534,2026-02-25,2026-02-25 16:48:56,
17729030,3,0895,0522762,0522762,2026-02-25,2026-02-25 16:48:57,
17729032,1,0955,0525711,0525711,2026-02-25,2026-02-25 16:48:56,
17729033,2,0955,0525548,0525548,2026-02-25,2026-02-25 16:48:56,
17729034,3,0955,0525717,0525717,2026-02-25,2026-02-25 16:48:58,
17729090,1,0569,0520264,0520264,2026-02-25,2026-02-25 16:49:48,
17729091,2,0569,0520254,0520254,2026-02-25,2026-02-25 16:49:50,
17729092,3,0569,0520243,0520243,2026-02-25,2026-02-25 16:49:51,
17729116,1,0019,0525396,0525396,2026-02-25,2026-02-25 16:56:09,
17729117,2,0019,0525383,0525383,2026-02-25,2026-02-25 16:56:09,
17729118,3,0019,0525400,0525400,2026-02-25,2026-02-25 16:56:10,
17729135,1,0558,0527791,0527791,2026-02-25,2026-02-25 16:58:58,
17729136,2,0558,0527788,0527788,2026-02-25,2026-02-25 16:58:58,
17729137,3,0558,0527701,0527701,2026-02-25,2026-02-25 16:58:58,
17729151,2,1389,0522884,0522884,2026-02-25,2026-02-25 16:59:12,
17729152,3,1389,0522874,0522874,2026-02-25,2026-02-25 16:59:14,
17729179,1,1210,0527134,0527134,2026-02-25,2026-02-25 17:00:46,
17729180,2,1210,0527136,0527136,2026-02-25,2026-02-25 17:00:46,
17729181,3,1210,0527133,0527133,2026-02-25,2026-02-25 17:00:47,
17729203,1,0121,0523307,0523307,2026-02-25,2026-02-25 17:01:08,
17729204,2,0121,0523323,0523323,2026-02-25,2026-02-25 17:01:08,
17729205,3,0121,0523308,0523308,2026-02-25,2026-02-25 17:01:10,
17729212,1,1158,0525928,0525928,2026-02-25,2026-02-25 17:01:12,
17729213,2,1158,0525574,0525574,2026-02-25,2026-02-25 17:01:12,
17729214,3,1158,0525586,0525586,2026-02-25,2026-02-25 17:01:12,
17729251,1,0035,0523925,0523925,2026-02-25,2026-02-25 17:01:27,
17729252,2,0035,0523945,0523945,2026-02-25,2026-02-25 17:01:27,
17729253,3,0035,0523926,0523926,2026-02-25,2026-02-25 17:01:28,
17729265,1,0593,0525763,0525763,2026-02-25,2026-02-25 17:01:38,
17729266,2,0593,0525765,0525765,2026-02-25,2026-02-25 17:01:38,
17729267,3,0593,0525788,0525788,2026-02-25,2026-02-25 17:01:39,
17729297,1,1177,0521274,0521274,2026-02-25,2026-02-25 17:01:59,
17729298,2,1177,0521297,0521297,2026-02-25,2026-02-25 17:01:59,
17729299,3,1177,0521280,0521280,2026-02-25,2026-02-25 17:02:00,
17729370,1,1238,0526290,0526290,2026-02-25,2026-02-25 17:03:31,
17729371,2,1238,0526222,0526222,2026-02-25,2026-02-25 17:03:32,
17729372,3,1238,0526281,0526281,2026-02-25,2026-02-25 17:03:33,
17729378,1,1353,0529455,0529455,2026-02-25,2026-02-25 17:03:36,
17729379,2,1353,0523074,0523074,2026-02-25,2026-02-25 17:03:36,
17729380,3,1353,0527404,0527404,2026-02-25,2026-02-25 17:03:36,
17729426,3,0390,0521324,0521324,2026-02-25,2026-02-25 17:05:10,
17729428,1,0119,0521059,0521059,2026-02-25,2026-02-25 17:05:19,
17729429,2,0119,0521060,0521060,2026-02-25,2026-02-25 17:05:23,
17729431,3,0119,0521057,0521057,2026-02-25,2026-02-25 17:05:25,
17729442,1,1090,0526111,0526111,2026-02-25,2026-02-25 17:05:33,
17729443,2,1090,0526168,0526168,2026-02-25,2026-02-25 17:05:33,
17729444,3,1090,0526164,0526164,2026-02-25,2026-02-25 17:05:34,
17729507,1,1295,0529835,0529835,2026-02-25,2026-02-25 17:10:40,
17729508,1,0737,0526048,0526048,2026-02-25,2026-02-25 17:10:41,
17729509,2,1295,0529826,0529826,2026-02-25,2026-02-25 17:10:40,
17729510,3,1295,0529825,0529825,2026-02-25,2026-02-25 17:10:41,
17729512,2,0737,0526073,0526073,2026-02-25,2026-02-25 17:10:43,
17729514,3,0737,0526085,0526085,2026-02-25,2026-02-25 17:10:48,
17729541,1,0658,0521568,0521568,2026-02-25,2026-02-25 17:11:39,
17729545,2,0658,0521563,0521563,2026-02-25,2026-02-25 17:11:40,
17729546,3,0658,0529538,0529538,2026-02-25,2026-02-25 17:11:41,
17729581,1,0338,0522984,0522984,2026-02-25,2026-02-25 17:14:09,
17729582,2,0338,0522997,0522997,2026-02-25,2026-02-25 17:14:10,
17729583,3,0338,0522991,0522991,2026-02-25,2026-02-25 17:14:11,
17729592,1,1186,0526722,0526722,2026-02-25,2026-02-25 17:14:34,
17729593,1,0074,0525738,0525738,2026-02-25,2026-02-25 17:15:10,
17729596,2,0074,0525734,0525734,2026-02-25,2026-02-25 17:15:22,
17729599,1,0167,0522462,0522462,2026-02-25,2026-02-25 17:15:38,
17729600,2,0167,0522453,0522453,2026-02-25,2026-02-25 17:15:40,
17729601,3,0167,0522467,0522467,2026-02-25,2026-02-25 17:15:42,
17729612,1,0338,0522990,0522990,2026-02-25,2026-02-25 17:15:56,
17729621,1,0688,0523162,0523162,2026-02-25,2026-02-25 17:18:01,
17729622,2,0688,0523476,0523476,2026-02-25,2026-02-25 17:18:01,
17729623,3,0688,0523480,0523480,2026-02-25,2026-02-25 17:18:02,
17729652,3,0074,0525745,0525745,2026-02-25,2026-02-25 17:18:26,
17729654,2,1186,0526717,0526717,2026-02-25,2026-02-25 17:19:55,
17729655,3,1186,0522504,0522504,2026-02-25,2026-02-25 17:19:56,
17729663,1,0589,0525452,0525452,2026-02-25,2026-02-25 17:20:01,
17729664,2,0589,0525464,0525464,2026-02-25,2026-02-25 17:20:02,
17729665,3,0589,0525465,0525465,2026-02-25,2026-02-25 17:20:02,
17729712,1,0916,0521707,0521707,2026-02-25,2026-02-25 17:22:34,
17729713,2,0916,0529136,0529136,2026-02-25,2026-02-25 17:22:35,
17729714,3,0916,0521957,0521957,2026-02-25,2026-02-25 17:22:39,
17729734,1,0673,0520511,0520511,2026-02-25,2026-02-25 17:26:27,
17729735,2,0673,0520505,0520505,2026-02-25,2026-02-25 17:27:15,
17729736,1,0505,0527430,0527430,2026-02-25,2026-02-25 17:28:22,
17729737,2,0505,0527425,0527425,2026-02-25,2026-02-25 17:28:35,
17729738,3,0505,0527411,0527411,2026-02-25,2026-02-25 17:28:36,
17729758,1,1188,0522736,0522736,2026-02-25,2026-02-25 17:30:08,
17729759,2,1188,0522415,0522415,2026-02-25,2026-02-25 17:30:08,
17729760,3,1188,0522746,0522746,2026-02-25,2026-02-25 17:30:09,
17729782,1,0185,0523167,0523167,2026-02-25,2026-02-25 17:31:52,
17729783,2,0185,0523173,0523173,2026-02-25,2026-02-25 17:31:55,
17729784,3,0185,0523171,0523171,2026-02-25,2026-02-25 17:31:55,
17729794,1,0208,0521774,0521774,2026-02-25,2026-02-25 17:33:22,
17729795,2,0208,0521755,0521755,2026-02-25,2026-02-25 17:33:23,
17729796,3,0208,0521768,0521768,2026-02-25,2026-02-25 17:33:23,
17729822,3,0673,0520519,0520519,2026-02-25,2026-02-25 17:40:13,
17729823,1,0312,0520347,0520347,2026-02-25,2026-02-25 17:45:28,
17729824,2,0312,0520346,0520346,2026-02-25,2026-02-25 17:45:29,
17729825,3,0312,0520349,0520349,2026-02-25,2026-02-25 17:45:51,
17729836,1,0098,0520292,0520292,2026-02-25,2026-02-25 17:46:44,
17729837,2,0098,0520279,0520279,2026-02-25,2026-02-25 17:46:46,
17729838,3,0098,0520286,0520286,2026-02-25,2026-02-25 17:46:47,
17729843,1,0124,0526555,0526555,2026-02-25,2026-02-25 17:46:54,
17729845,2,0124,0520078,0520078,2026-02-25,2026-02-25 17:46:54,
17729846,3,0124,0522027,0522027,2026-02-25,2026-02-25 17:46:55,
17729925,1,0938,0522374,0522374,2026-02-25,2026-02-25 17:53:03,
17729926,2,0938,0522638,0522638,2026-02-25,2026-02-25 17:53:03,
17729927,3,0938,0522630,0522630,2026-02-25,2026-02-25 17:53:04,
17729955,1,1331,0529274,0529274,2026-02-25,2026-02-25 17:54:49,
17729956,2,1331,0529298,0529298,2026-02-25,2026-02-25 17:54:50,
17729957,3,1331,0529253,0529253,2026-02-25,2026-02-25 17:54:51,
17729995,1,0373,0523427,0523427,2026-02-25,2026-02-25 17:59:36,
17729996,2,0373,0523418,0523418,2026-02-25,2026-02-25 17:59:38,
17729997,3,0373,0523885,0523885,2026-02-25,2026-02-25 17:59:40,
